CUSIP,INVENTORY,ISSUER,COUPON,MATURITY,PRICE,YIELD,DBRS RATING,quote_date,settle_date
17039AAV8,1000000,CHOICE PROPERTIES REIT,2.456,2026-11-30 00:00:00,100.218095,0.9330498831630729,BBB+,2026-10-08,2026-10-09
663307AP1,81000,NORTH WEST REDWATER PRT/,2,2026-12-01 00:00:00,100.176268,0.7993840883415038,N.A.,2026-10-08,2026-10-09
064151QE6,2000000,BANK OF NOVA SCOTIA,2.62,2026-12-02 00:00:00,100.28611,0.7084361866642963,A+,2026-10-08,2026-10-09
63306AHU3,2000000,NATIONAL BANK OF CANADA,4.968,2026-12-07 00:00:00,100.64471,1.013573269053025,A-,2026-10-08,2026-10-09
13607LSJ3,2000000,CANADIAN IMPERIAL BANK,5,2026-12-07 00:00:00,100.651868,1.001959009240561,A-,2026-10-08,2026-10-09
921947AB3,10000,VANCOUVER AIRPORT AUTHOR,7.425,2026-12-07 00:00:00,101.057228,0.9439224889656872,AA-,2026-10-08,2026-10-09
26153WAG4,59000,DREAM INDUSTRIAL REIT,2.539,2026-12-07 00:00:00,100.225816,1.151342681758272,N.A.,2026-10-08,2026-10-09
16141AAD5,442000,CHARTWELL RETIREMENT RES,6,2026-12-08 00:00:00,100.737119,1.539195740617871,N.A.,2026-10-08,2026-10-09
06368AAA8,1909000,BANK OF MONTREAL,2.7,2026-12-09 00:00:00,100.30637,0.8821503929689056,A+,2026-10-08,2026-10-09
233852AE2,1000000,DAIMLER TRUCKS FI CANADA,2.46,2026-12-15 00:00:00,100.22363,1.246379797030417,A-,2026-10-08,2026-10-09
95751DAP7,7000,WESTCOAST ENERGY INC,7.3,2026-12-18 00:00:00,101.125601,1.452143530708905,BBB+,2026-10-08,2026-10-09
780086U93,2000000,ROYAL BANK OF CANADA,4.256,2026-12-21 00:00:00,100.630502,1.118238765418833,N.A.,2026-10-08,2026-10-09
92277LAG1,500000,VENTAS CANADA FIN LTD,2.45,2027-01-04 00:00:00,100.165766,1.74673136304746,BBB+,2026-10-08,2026-10-09
89117FZ44,2000000,TORONTO-DOMINION BANK,2.26,2027-01-07 00:00:00,100.167217,1.57529686254898,A-,2026-10-08,2026-10-09
13607HC34,2000000,CANADIAN IMPERIAL BANK,2.25,2027-01-07 00:00:00,100.159817,1.595312703697549,A-,2026-10-08,2026-10-09
29446NAM2,3000000,EQUITABLE BANK,5.16,2027-01-11 00:00:00,100.776454,2.114937545282136,N.A.,2026-10-08,2026-10-09
11286ZAD6,187000,BROOKFIELD PPTY FIN ULC,3.93,2027-01-15 00:00:00,100.256,2.95414858567693,B,2026-10-08,2026-10-09
11282ZAL2,962000,BROOKFIELD RENEWABLE PAR,3.63,2027-01-15 00:00:00,100.318409,2.425193817679072,BBB+,2026-10-08,2026-10-09
40416RAB0,46000,HCN CANADIAN HLDNGS-1 LP (WELLTOWER),2.95,2027-01-15 00:00:00,100.23146,2.075671686799407,A-,2026-10-08,2026-10-09
459058KF9,85000,INTL BK RECON & DEVELOP,1.8,2027-01-19 00:00:00,100.082143,1.50181958751936,N.A.,2026-10-08,2026-10-09
47788ZAQ4,1000000,JOHN DEERE FINANCIALS IN,4.36,2027-01-20 00:00:00,100.719462,1.78791915680161,A,2026-10-08,2026-10-09
14046ZAQ2,1000000,CAPITAL POWER CORP,5.378,2027-01-25 00:00:00,100.929979,2.198708034914687,BBB-,2026-10-08,2026-10-09
67103MAF3,1000000,OPB FINANCE TRUST,2.98,2027-01-25 00:00:00,100.33841,1.823637576527415,AA+,2026-10-08,2026-10-09
45950KCY4,154000,INTL FINANCE CORP,1.85,2027-01-28 00:00:00,100.086214,1.562113699992662,AAA,2026-10-08,2026-10-09
780086RQ9,1985000,ROYAL BANK OF CANADA,2.328,2027-01-28 00:00:00,100.198725,1.666867034211061,A,2026-10-08,2026-10-09
89117G8T7,2000000,TORONTO-DOMINION BANK,4.516,2027-01-29 00:00:00,100.840354,1.752279663364553,N.A.,2026-10-08,2026-10-09
44932WAE0,1000000,HYUNDAI CAPITAL CANADA,4.813,2027-02-01 00:00:00,100.861736,2.047288850621132,A-,2026-10-08,2026-10-09
136765BZ6,2000000,CANADIAN WESTERN BANK,4.271,2027-02-08 00:00:00,100.759621,1.972621035309507,N.A.,2026-10-08,2026-10-09
37045YAJ3,1000000,GM FINANCIAL CAD,3.15,2027-02-08 00:00:00,100.297685,2.245149905011501,BBB,2026-10-08,2026-10-09
05590HBC0,1000000,BMW CANADA INC,4.41,2027-02-10 00:00:00,100.87319,1.813340669356012,A,2026-10-08,2026-10-09
44932WAB6,1000000,HYUNDAI CAPITAL CANADA,3.196,2027-02-16 00:00:00,100.321008,2.280176908392684,A-,2026-10-08,2026-10-09
045167BM4,202000,ASIAN DEVELOPMENT BANK,4.65,2027-02-16 00:00:00,100.981212,1.865359619509399,AAA,2026-10-08,2026-10-09
565018DH8,1980000,MANULIFE BANK OF CANADA,2.864,2027-02-16 00:00:00,100.280539,2.064689757428906,A+,2026-10-08,2026-10-09
949746SZ5,1000000,WELLS FARGO & COMPANY,2.493,2027-02-18 00:00:00,100.080829,2.263251500354246,BBB+,2026-10-08,2026-10-09
918423BJ2,100000,VW CREDIT CANADA INC,3.366416,2027-02-19 00:00:00,100.459805,2.087495824488506,BBB+,2026-10-08,2026-10-09
403925BD1,225000,H&R REAL ESTATE INVESTME,2.633,2027-02-19 00:00:00,100.064303,2.450140271752654,N.A.,2026-10-08,2026-10-09
34527ACW8,1000000,FORD CREDIT CANADA CO,5.581,2027-02-22 00:00:00,101.107823,2.562830551156048,BBB-,2026-10-08,2026-10-09
775109CM1,1000000,ROGERS COMMUNICATIONS IN,3.8,2027-03-01 00:00:00,100.377396,2.833679927494992,BBB-,2026-10-08,2026-10-09
13551XAA1,17000,CANADIAN CORE REAL EST,3.299,2027-03-02 00:00:00,100.315086,2.499406966154338,N.A.,2026-10-08,2026-10-09
14913LAC4,1000000,CATERPILLAR FIN SERV LTD,4.51,2027-03-05 00:00:00,100.992358,2.0558380763392,A,2026-10-08,2026-10-09
06415GDE7,2000000,BANK OF NOVA SCOTIA,2.95,2027-03-08 00:00:00,100.277941,2.273942762621783,A-,2026-10-08,2026-10-09
766910BF9,995000,RIOCAN REAL ESTATE INVST,2.361,2027-03-10 00:00:00,100.02015,2.310699437084129,N.A.,2026-10-08,2026-10-09
02138ZAZ6,1000000,ALTAGAS LTD,2.166,2027-03-16 00:00:00,99.918263,2.352594438529265,BBB-,2026-10-08,2026-10-09
11257ZAF6,1000000,BROOKFIELD ASSET MAN INC,3.8,2027-03-16 00:00:00,100.436101,2.790869995547784,A-,2026-10-08,2026-10-09
892329BW2,1000000,TOYOTA CREDIT CANADA INC,4.52,2027-03-19 00:00:00,101.053188,2.140175296914237,A+,2026-10-08,2026-10-09
33749WAC0,1000000,FIRST WEST CREDIT UNION,4.252,2027-03-24 00:00:00,100.742764,2.619505062805172,N.A.,2026-10-08,2026-10-09
74167KAB5,365000,PRIMARIS REAL ESTATE INV,4.727,2027-03-30 00:00:00,100.880326,2.857695023330309,N.A.,2026-10-08,2026-10-09
254687FU5,1000000,WALT DISNEY COMPANY/THE,3.057,2027-03-30 00:00:00,100.333057,2.351274318082841,A-,2026-10-08,2026-10-09
775109BK6,1000000,ROGERS COMMUNICATIONS IN,3.65,2027-03-31 00:00:00,100.417482,2.763731224440957,BBB-,2026-10-08,2026-10-09
07329VAR1,1000000,BCIMC REALTY CORP,3,2027-03-31 00:00:00,100.303574,2.356838604142397,N.A.,2026-10-08,2026-10-09
06368DW26,2000000,BANK OF MONTREAL,3.65,2027-04-01 00:00:00,100.54022,2.511618796756943,N.A.,2026-10-08,2026-10-09
05590HBH9,1000000,BMW CANADA INC,3.35,2027-04-01 00:00:00,100.622099,2.042414886117494,A,2026-10-08,2026-10-09
592179KJ3,1000000,MET LIFE GLOB FUNDING I,4.642,2027-04-01 00:00:00,101.143788,2.235836540184422,AA-,2026-10-08,2026-10-09
89353ZCF3,1000000,TRANSCANADA PIPELINES,3.8,2027-04-05 00:00:00,100.472961,2.82431093202653,BBB+,2026-10-08,2026-10-09
89678ZAA4,250000,TRISUMMIT UTILITIES INC,3.13,2027-04-07 00:00:00,100.312595,2.493432478253577,N.A.,2026-10-08,2026-10-09
019456AN2,500000,ALLIED PROPERTIES REIT,4.312,2027-04-07 00:00:00,100.679669,2.925042495772101,N.A.,2026-10-08,2026-10-09
019456AE2,500000,ALLIED PROPERTIES REIT,3.113,2027-04-08 00:00:00,100.124869,2.859691132279996,N.A.,2026-10-08,2026-10-09
29279YAA6,579000,ENERGIR INC,2.1,2027-04-16 00:00:00,99.824604,2.439771909719135,A,2026-10-08,2026-10-09
51925DCD6,1000000,LAURENTIAN BANK OF CDA,3.545,2027-04-20 00:00:00,100.554128,2.49028799519897,N.A.,2026-10-08,2026-10-09
BH9233850,1000000,OMERS FINANCE TRUST,1.55,2027-04-21 00:00:00,99.712339,2.092480103916228,AA+,2026-10-08,2026-10-09
35085ZBN5,846000,407 INTERNATIONAL INC,2.43,2027-05-04 00:00:00,100.105467,2.242344491567549,A,2026-10-08,2026-10-09
014443AG0,371000,ALECTRA INC,2.488,2027-05-17 00:00:00,99.985676,2.509659109255735,A-,2026-10-08,2026-10-09
31430WPB4,2000000,FED CAISSES DESJARDINS,4.407,2027-05-19 00:00:00,101.058027,2.654473299836702,A-,2026-10-08,2026-10-09
17039AAU0,1000000,CHOICE PROPERTIES REIT,2.848,2027-05-21 00:00:00,100.10871,2.667102690121603,BBB+,2026-10-08,2026-10-09
89156VAC0,1000000,TOURMALINE OIL CORP,4.856,2027-05-30 00:00:00,101.380461,2.674468068292746,N.A.,2026-10-08,2026-10-09
06368D3U6,2000000,BANK OF MONTREAL,4.309,2027-06-01 00:00:00,100.932287,2.840817010646979,N.A.,2026-10-08,2026-10-09
00889YAC5,1000000,AIMCO REALTY INVESTORS,3.367,2027-06-01 00:00:00,100.47403,2.620364631436112,N.A.,2026-10-08,2026-10-09
12593CAU5,1000000,CPPIB CAPITAL INC,2.85,2027-06-01 00:00:00,100.352141,2.296368636179591,AAA,2026-10-08,2026-10-09
628957AC6,347000,NAV CANADA,7.4,2027-06-01 00:00:00,103.021172,2.655299865357619,AA,2026-10-08,2026-10-09
663307AL0,1000000,NORTH WEST REDWATER PRT/,2.8,2027-06-01 00:00:00,100.070035,2.6871259694907,N.A.,2026-10-08,2026-10-09
45834ZAR0,1000000,INTER PIPELINE LTD,4.232,2027-06-01 00:00:00,100.709695,3.111091265898103,N.A.,2026-10-08,2026-10-09
89117F7G8,1937000,TORONTO-DOMINION BANK,4.21,2027-06-01 00:00:00,100.963147,2.69499405408935,A-,2026-10-08,2026-10-09
387427AH0,1000000,GRANITE REIT HOLDINGS LP,3.062,2027-06-04 00:00:00,100.173537,2.789560162012195,N.A.,2026-10-08,2026-10-09
45823ZAF9,949000,INTACT FINANCIAL CORP,2.85,2027-06-07 00:00:00,100.230304,2.495105248538132,N.A.,2026-10-08,2026-10-09
29251ZBK2,1000000,ENBRIDGE INC,3.2,2027-06-08 00:00:00,100.247618,2.818664842044538,BBB+,2026-10-08,2026-10-09
83179XAL2,1000000,SMARTCENTRES REIT,3.192,2027-06-11 00:00:00,100.224094,2.850504720173874,N.A.,2026-10-08,2026-10-09
47788ZAN1,965000,JOHN DEERE FINANCIALS IN,4.95,2027-06-14 00:00:00,101.68797,2.437977080370479,A,2026-10-08,2026-10-09
70632ZAF8,1000000,PEMBINA PIPELINE CORP,4.24,2027-06-15 00:00:00,100.745715,3.126738638772752,BBB,2026-10-08,2026-10-09
126462AE0,69000,CT REAL ESTATE INV TRUST,3.469,2027-06-16 00:00:00,100.385469,2.895183494202391,N.A.,2026-10-08,2026-10-09
80310ZAG4,1000000,SAPUTO INC,2.242,2027-06-16 00:00:00,99.710535,2.666506883714548,N.A.,2026-10-08,2026-10-09
26153WAF6,500000,DREAM INDUSTRIAL REIT,2.057,2027-06-17 00:00:00,99.535692,2.737218301672084,N.A.,2026-10-08,2026-10-09
227107AP4,105000,CROMBIE REAL ESTATE INV,3.917,2027-06-21 00:00:00,100.612622,3.023543767608738,N.A.,2026-10-08,2026-10-09
892329BY8,1000000,TOYOTA CREDIT CANADA INC,4.42,2027-06-28 00:00:00,101.299075,2.585613881843929,A+,2026-10-08,2026-10-09
13607HV66,2000000,CANADIAN IMPERIAL BANK,4.95,2027-06-29 00:00:00,101.394162,2.98291326174398,A-,2026-10-08,2026-10-09
19046FAL6,1000000,COASTAL GASLINK PIPELINE,4.673,2027-06-30 00:00:00,101.436765,2.658480996853307,N.A.,2026-10-08,2026-10-09
58769CAD4,1000000,MERCEDES-BENZ CA FIN INC,4.64,2027-07-09 00:00:00,101.461895,2.660270600136294,A,2026-10-08,2026-10-09
319415AB1,500000,FIRST CAP REALTY INC,3.753,2027-07-12 00:00:00,100.575552,2.977709315889521,N.A.,2026-10-08,2026-10-09
37482ZAC5,982000,GIBSON ENERGY INC,2.85,2027-07-14 00:00:00,100.037355,2.797117530851279,BBB-,2026-10-08,2026-10-09
26948ZBE1,500000,EAGLE CREDIT CARD TRUST,4.783,2027-07-17 00:00:00,101.508709,2.794776226116835,N.A.,2026-10-08,2026-10-09
44932WAG5,1000000,HYUNDAI CAPITAL CANADA,4.489,2027-07-26 00:00:00,101.243525,2.898191051017718,A-,2026-10-08,2026-10-09
780086VK7,2000000,ROYAL BANK OF CANADA,4.612,2027-07-26 00:00:00,101.426721,2.788891567064744,A,2026-10-08,2026-10-09
07337EAB4,1000000,BCI QUADREAL REALTY,4.16,2027-07-31 00:00:00,101.199668,2.653715587372685,N.A.,2026-10-08,2026-10-09
29446NAS9,250000,EQUITABLE BANK,3.17407,2027-08-03 00:00:00,100.476181,2.581021164083697,N.A.,2026-10-08,2026-10-09
07813ZCF9,1000000,BELL CANADA,1.65,2027-08-16 00:00:00,99.116799,2.699368653462764,BBB,2026-10-08,2026-10-09
918423BF0,1000000,VW CREDIT CANADA INC,4.21,2027-08-19 00:00:00,101.016177,3.006225071730895,BBB+,2026-10-08,2026-10-09
458182EC2,1000000,INTER-AMERICAN DEVEL BK,0.875,2027-08-27 00:00:00,98.588067,2.495899602883545,AAA,2026-10-08,2026-10-09
565018DL9,14000,MANULIFE BANK OF CANADA,2.994881,2027-08-27 00:00:00,100.52101,2.395170870707042,A+,2026-10-08,2026-10-09
136765BU7,2000000,CANADIAN WESTERN BANK,5.146,2027-09-02 00:00:00,102.077599,2.790594537973434,N.A.,2026-10-08,2026-10-09
05590HBL0,1000000,BMW CANADA INC,3.3,2027-09-07 00:00:00,100.347102,2.910675040954502,A,2026-10-08,2026-10-09
12532HAH7,1000000,CGI INC,3.987,2027-09-07 00:00:00,100.754376,3.141145516158583,BBB+,2026-10-08,2026-10-09
47788ZAH4,1000000,JOHN DEERE FINANCIALS IN,1.34,2027-09-08 00:00:00,98.901438,2.558933832587829,A,2026-10-08,2026-10-09
34527ACZ1,985000,FORD CREDIT CANADA CO,4.613,2027-09-13 00:00:00,101.140033,3.356408375665754,BBB-,2026-10-08,2026-10-09
25675TAK3,1000000,DOLLARAMA INC.,1.505,2027-09-20 00:00:00,98.915001,2.668430990357673,N.A.,2026-10-08,2026-10-09
125491AU4,1000000,CI FINANCIAL CORP,6,2027-09-20 00:00:00,102.179194,3.643414435516523,N.A.,2026-10-08,2026-10-09
37638ZBS2,500000,GLACIER CREDIT CARD TRST,4.958,2027-09-20 00:00:00,101.853259,2.964006908871153,AAA,2026-10-08,2026-10-09
233852AF9,1000000,DAIMLER TRUCKS FI CANADA,5.22,2027-09-20 00:00:00,101.992865,3.074087932883907,A-,2026-10-08,2026-10-09
438121BD6,1000000,HONDA CANADA FINANCE INC,4.873,2027-09-23 00:00:00,101.693013,3.065722760738798,N.A.,2026-10-08,2026-10-09
078149DW8,344000,BELL CANADA,7,2027-09-24 00:00:00,103.480948,3.289596481914292,BBB,2026-10-08,2026-10-09
233852AL6,1000000,DAIMLER TRUCKS FI CANADA,4.46,2027-09-27 00:00:00,101.290387,3.097777887326481,A-,2026-10-08,2026-10-09
125491AG5,69000,CI FINANCIAL CORP,3.904,2027-09-27 00:00:00,100.305951,3.579095978341118,N.A.,2026-10-08,2026-10-09
459058JK0,1000000,INTL BK RECON & DEVELOP,0.875,2027-09-28 00:00:00,98.315717,2.640718546429333,AAA,2026-10-08,2026-10-09
07813ZBY9,961000,BELL CANADA,3.6,2027-09-29 00:00:00,100.452378,3.124680325233453,BBB,2026-10-08,2026-10-09
68214WAQ1,1000000,OMERS REALTY CORP,3.244,2027-10-04 00:00:00,100.215605,3.020814997988119,N.A.,2026-10-08,2026-10-09
952637AE6,277000,ORIGINAL WEMPI INC,7.791,2027-10-04 00:00:00,103.244882,4.401226197408747,N.A.,2026-10-08,2026-10-09
68321ZAA9,1000000,ONTARIO POWER GENERATION,3.315,2027-10-04 00:00:00,100.300455,3.004121595359011,BBB+,2026-10-08,2026-10-09
892329BZ5,1000000,TOYOTA CREDIT CANADA INC,3.55,2027-10-04 00:00:00,100.540012,2.991505619991597,A+,2026-10-08,2026-10-09
02138ZAQ6,1000000,ALTAGAS LTD,3.98,2027-10-04 00:00:00,100.839952,3.110656464222195,BBB-,2026-10-08,2026-10-09
766910BK8,1000000,RIOCAN REAL ESTATE INVST,5.611,2027-10-06 00:00:00,102.124338,3.419918608587103,N.A.,2026-10-08,2026-10-09
13607H5C2,1986000,CANADIAN IMPERIAL BANK,5.05,2027-10-07 00:00:00,101.746043,3.256237925535843,A-,2026-10-08,2026-10-09
85472NAC3,137000,STANTEC INC,2.048,2027-10-08 00:00:00,99.028962,3.04124242415218,N.A.,2026-10-08,2026-10-09
42246QAH1,500000,HEATHROW FUNDING LTD,2.694,2027-10-13 00:00:00,99.822374,2.872793454010325,BBB+,2026-10-08,2026-10-09
448811AC3,1000000,HYDRO ONE INC,1.41,2027-10-15 00:00:00,98.965493,2.443817031300433,A-,2026-10-08,2026-10-09
190330AQ3,2000000,COAST CAPITAL SV CRE UN,4.517,2027-10-18 00:00:00,101.40633,3.114524367714266,N.A.,2026-10-08,2026-10-09
43739CAB7,29000,HOMEEQUITY BANK,6.552,2027-10-18 00:00:00,103.032588,3.519015176425344,N.A.,2026-10-08,2026-10-09
68329AAE8,1000000,ONTARIO TEACHERS' FINANC,1.1,2027-10-19 00:00:00,98.689274,2.395669299018022,AAA,2026-10-08,2026-10-09
68329AAF5,1000000,ONTARIO TEACHERS' FINANC,1.1,2027-10-19 00:00:00,98.689274,2.395669299018022,AAA,2026-10-08,2026-10-09
13321LAL2,962000,CAMECO CORPORATION,2.95,2027-10-21 00:00:00,100.025636,2.923987171425568,BBB,2026-10-08,2026-10-09
89117F7H6,2000000,TORONTO-DOMINION BANK,5.376,2027-10-21 00:00:00,102.493161,2.913100059221096,A-,2026-10-08,2026-10-09
06415E4E2,1982000,BANK OF NOVA SCOTIA,1.4,2027-11-01 00:00:00,98.937839,2.41556700707648,A-,2026-10-08,2026-10-09
29251ZBY2,1000000,ENBRIDGE INC,5.7,2027-11-09 00:00:00,102.679539,3.169592730321624,BBB+,2026-10-08,2026-10-09
02138ZBM4,1000000,ALTAGAS LTD,3.025,2027-11-10 00:00:00,100.081304,2.947102350415487,BBB-,2026-10-08,2026-10-09
86721ZAY5,990000,SUNCOR ENERGY INC,2.95,2027-11-14 00:00:00,100.10363,2.852120622348475,N.A.,2026-10-08,2026-10-09
11291ZAK3,1000000,BROOKFIELD INFRA FIN ULC,5.616,2027-11-14 00:00:00,102.614916,3.176078512656821,BBB+,2026-10-08,2026-10-09
33749WAD8,1000000,FIRST WEST CREDIT UNION,3.691,2027-11-15 00:00:00,100.425504,3.292806545665861,N.A.,2026-10-08,2026-10-09
918423BC7,1000000,VW CREDIT CANADA INC,5.86,2027-11-15 00:00:00,102.963335,3.103550562662361,BBB+,2026-10-08,2026-10-09
90664ZAX8,900000,ENBRIDGE GAS INC,2.88,2027-11-22 00:00:00,100.083126,2.802553696655674,A-,2026-10-08,2026-10-09
44932WAJ9,1000000,HYUNDAI CAPITAL CANADA,3.577,2027-11-22 00:00:00,100.570952,3.053329919212255,A-,2026-10-08,2026-10-09
55279QAE0,1000000,MCAP COMMERCIAL LP,3.384,2027-11-26 00:00:00,100.260032,3.146269809627733,N.A.,2026-10-08,2026-10-09
38141GZC1,1000000,GOLDMAN SACHS GROUP INC,2.599,2027-11-30 00:00:00,100.48831,2.163279655512906,BBB+,2026-10-08,2026-10-09
759480AL0,6000,RELIANCE LP,2.68,2027-12-01 00:00:00,99.572714,3.059872962673738,BBB-,2026-10-08,2026-10-09
391906AC8,1000000,GREATER TORONTO AIRPORTS,6.45,2027-12-03 00:00:00,104.180358,2.737959799285616,A+,2026-10-08,2026-10-09
59162NAF6,901000,METRO INC,3.39,2027-12-06 00:00:00,100.518745,2.92998477898696,BBB,2026-10-08,2026-10-09
303901AZ5,985000,FAIRFAX FINL HLDGS LTD,4.25,2027-12-06 00:00:00,101.23159,3.158247775796119,A-,2026-10-08,2026-10-09
06368LEY8,1986000,BANK OF MONTREAL,4.709,2027-12-07 00:00:00,101.814186,3.106385876825635,N.A.,2026-10-08,2026-10-09
126462AF7,505000,CT REAL ESTATE INV TRUST,3.865,2027-12-07 00:00:00,100.826948,3.13302021239712,N.A.,2026-10-08,2026-10-09
46152HAB7,1000000,IGM FINANCIAL INC,6.65,2027-12-13 00:00:00,104.356454,2.865244503615982,A,2026-10-08,2026-10-09
95751ZAD5,76000,WESTCOAST ENERGY INC,6.75,2027-12-15 00:00:00,104.000396,3.277299812695822,BBB+,2026-10-08,2026-10-09
136765BN3,1944000,CANADIAN WESTERN BANK,1.818,2027-12-16 00:00:00,99.129155,2.565457003833749,N.A.,2026-10-08,2026-10-09
29446NAQ3,1000000,EQUITABLE BANK,3.91,2027-12-17 00:00:00,100.800638,3.216379060383434,N.A.,2026-10-08,2026-10-09
83179XAH1,1000000,SMARTCENTRES REIT,3.834,2027-12-21 00:00:00,100.745986,3.193420981647077,N.A.,2026-10-08,2026-10-09
116705AL8,1000000,BRUCE POWER LP,4.7,2027-12-21 00:00:00,101.849605,3.116766138527161,N.A.,2026-10-08,2026-10-09
34960VBD9,500000,FORTIFIED TRUST,4.419,2027-12-23 00:00:00,101.680162,2.988726681129816,N.A.,2026-10-08,2026-10-09
34527ADB3,1000000,FORD CREDIT CANADA CO,4.222,2028-01-10 00:00:00,100.849983,3.520167658287998,BBB-,2026-10-08,2026-10-09
13607LPY3,2000000,CANADIAN IMPERIAL BANK,5.5,2028-01-14 00:00:00,102.794323,3.225755098479977,A-,2026-10-08,2026-10-09
13638ZDX0,367000,CANADIAN NATL RESOURCES,2.5,2028-01-17 00:00:00,99.174073,3.164370925842364,N.A.,2026-10-08,2026-10-09
780086WG5,2000000,ROYAL BANK OF CANADA,4.642,2028-01-17 00:00:00,101.894757,3.110514307327361,A,2026-10-08,2026-10-09
459058KM4,1000000,INTL BK RECON & DEVELOP,3.7,2028-01-18 00:00:00,101.305549,2.651207711786863,AAA,2026-10-08,2026-10-09
89117GTQ0,1975000,TORONTO-DOMINION BANK,4.477,2028-01-18 00:00:00,101.681031,3.12069899773928,A-,2026-10-08,2026-10-09
51925DCF1,2000000,LAURENTIAN BANK OF CDA,4.192,2028-01-23 00:00:00,100.832568,3.522980887173843,BBB *-,2026-10-08,2026-10-09
892329BQ5,1000000,TOYOTA CREDIT CANADA INC,4.33,2028-01-24 00:00:00,101.676277,2.996003685842319,A+,2026-10-08,2026-10-09
89156VAA4,695000,TOURMALINE OIL CORP,2.077,2028-01-25 00:00:00,98.83488,2.998702372212869,N.A.,2026-10-08,2026-10-09
87971MBQ5,1000000,TELUS CORP,2.35,2028-01-27 00:00:00,99.120051,3.042966666325353,BBB-,2026-10-08,2026-10-09
44810ZCJ7,1000000,HYDRO ONE INC,4.91,2028-01-27 00:00:00,102.356486,3.046205489298592,A,2026-10-08,2026-10-09
BN5505662,1000000,EUROPEAN INVESTMENT BANK,1,2028-01-28 00:00:00,97.906458,2.642839401987085,AAA,2026-10-08,2026-10-09
13607PXH2,250000,CANADIAN IMPERIAL BANK,3.026556,2028-01-28 00:00:00,100.57846,2.570943356354882,A-,2026-10-08,2026-10-09
60359AAD0,22000,MINI MALL STORG PRP TRST,4.161,2028-01-30 00:00:00,100.234035,3.972049851028125,N.A.,2026-10-08,2026-10-09
190330AR1,1000000,COAST CAPITAL SV CRE UN,4.154,2028-02-01 00:00:00,100.77807,3.539982293433952,N.A.,2026-10-08,2026-10-09
064151S95,1919000,BANK OF NOVA SCOTIA,3.1,2028-02-02 00:00:00,100.201218,2.941185583712325,A+,2026-10-08,2026-10-09
05590HBM8,1000000,BMW CANADA INC,3.08,2028-02-03 00:00:00,99.844049,3.199351380384896,A,2026-10-08,2026-10-09
15135UAT6,1000000,CENOVUS ENERGY INC,3.5,2028-02-07 00:00:00,100.301577,3.264262591959421,BBB,2026-10-08,2026-10-09
154728AT6,1000000,CENTRAL 1 CREDIT UNION,4.648,2028-02-07 00:00:00,101.66852,3.352915820085101,N.A.,2026-10-08,2026-10-09
37045YAK0,1000000,GM FINANCIAL CAD,5.2,2028-02-09 00:00:00,102.355469,3.379554003576701,BBB,2026-10-08,2026-10-09
35085ZBY1,1000000,407 INTERNATIONAL INC,4.22,2028-02-14 00:00:00,101.396349,3.153152060429698,BBB,2026-10-08,2026-10-09
45833VAF6,1000000,INTER PIPELINE LTD,5.76,2028-02-17 00:00:00,103.115999,3.390296543402838,N.A.,2026-10-08,2026-10-09
92848PAC1,480000,VITAL INFRA PROP TRUST,5.019,2028-02-18 00:00:00,101.76429,3.675043899060104,N.A.,2026-10-08,2026-10-09
918423BH6,1000000,VW CREDIT CANADA INC,4.25,2028-02-18 00:00:00,101.085902,3.424092630136077,BBB+,2026-10-08,2026-10-09
565018DK1,835000,MANULIFE BANK OF CANADA,3.992,2028-02-22 00:00:00,100.98856,3.247329153067757,A+,2026-10-08,2026-10-09
438121AZ8,984000,HONDA CANADA FINANCE INC,1.646,2028-02-25 00:00:00,98.362037,2.863847856150392,N.A.,2026-10-08,2026-10-09
29251ZCF2,1000000,ENBRIDGE INC,3.55,2028-02-25 00:00:00,100.348593,3.287669052329867,BBB+,2026-10-08,2026-10-09
39138CAH9,1000000,GREAT-WEST LIFECO INC,3.337,2028-02-28 00:00:00,100.303567,3.110283545909875,A+,2026-10-08,2026-10-09
13645RBC7,970000,CANADIAN PACIFIC RR CO,2.54,2028-02-28 00:00:00,99.112983,3.196873399558053,BBB+,2026-10-08,2026-10-09
87971MBG7,1000000,TELUS CORP,3.625,2028-03-01 00:00:00,100.515743,3.242875675176404,BBB-,2026-10-08,2026-10-09
31890BAA1,1000000,FIRST CAP REAL ESTATE,3.447,2028-03-01 00:00:00,100.086772,3.381188088723053,N.A.,2026-10-08,2026-10-09
766910BS1,1000000,RIOCAN REAL ESTATE INVST,4.004,2028-03-01 00:00:00,100.878631,3.353318202369837,N.A.,2026-10-08,2026-10-09
06368BTX6,2000000,BANK OF MONTREAL,3.19,2028-03-01 00:00:00,100.319992,2.953233157313373,N.A.,2026-10-08,2026-10-09
48124BAG0,1000000,JPMORGAN CHASE & CO,1.896,2028-03-05 00:00:00,100.05639,1.854792844606989,A,2026-10-08,2026-10-09
44932WAD2,1000000,HYUNDAI CAPITAL CANADA,5.565,2028-03-08 00:00:00,102.988941,3.384714876231043,A-,2026-10-08,2026-10-09
42246QAC2,500000,HEATHROW FUNDING LTD,3.4,2028-03-08 00:00:00,100.112904,3.316378529062125,BBB+,2026-10-08,2026-10-09
89117FA33,2000000,TORONTO-DOMINION BANK,1.888,2028-03-08 00:00:00,98.544308,2.943636571783181,A-,2026-10-08,2026-10-09
17039AAN6,1000000,CHOICE PROPERTIES REIT,4.178,2028-03-08 00:00:00,101.121178,3.35948061139788,BBB+,2026-10-08,2026-10-09
ZK2721387,1000000,CDP FINANCIAL INC,3.7,2028-03-08 00:00:00,101.211216,2.820796167097206,AAA,2026-10-08,2026-10-09
375916AD5,500000,GILDAN ACTIVEWEAR INC,3.63,2028-03-13 00:00:00,100.330546,3.390092474189221,BBB-,2026-10-08,2026-10-09
07337EAA6,1000000,BCI QUADREAL REALTY,3.281,2028-03-14 00:00:00,100.096117,3.210788764305295,N.A.,2026-10-08,2026-10-09
69363TAQ5,980000,PSP CAPITAL INC,1.5,2028-03-15 00:00:00,98.184184,2.79806966667937,AAA,2026-10-08,2026-10-09
89353ZCA4,1000000,TRANSCANADA PIPELINES,3.39,2028-03-15 00:00:00,100.218961,3.231696133254869,BBB+,2026-10-08,2026-10-09
060505GF5,1000000,BANK OF AMERICA CORP,3.615,2028-03-16 00:00:00,100.755525,3.073279174401633,A-,2026-10-08,2026-10-09
592179KA2,1000000,MET LIFE GLOB FUNDING I,1.95,2028-03-20 00:00:00,98.462419,3.041324518552257,AA-,2026-10-08,2026-10-09
26153WAJ8,500000,DREAM INDUSTRIAL REIT,5.383,2028-03-22 00:00:00,102.80753,3.388943565033276,N.A.,2026-10-08,2026-10-09
92343VFY5,944000,VERIZON COMMUNICATIONS,2.375,2028-03-22 00:00:00,98.747196,3.262609981574793,BBB+,2026-10-08,2026-10-09
29446NAP5,1000000,EQUITABLE BANK,3.99,2028-03-24 00:00:00,100.835073,3.398556562046529,N.A.,2026-10-08,2026-10-09
70632ZAK7,1000000,PEMBINA PIPELINE CORP,4.02,2028-03-27 00:00:00,100.974822,3.334120013701258,BBB,2026-10-08,2026-10-09
74167KAC3 ,500000,PRIMARIS REAL ESTATE INV,5.934,2028-03-29 00:00:00,103.415518,3.536426677117999,N.A.,2026-10-08,2026-10-09
227107AQ2,97000,CROMBIE REAL ESTATE INV,2.686,2028-03-31 00:00:00,99.080408,3.328444211443782,N.A.,2026-10-08,2026-10-09
125491AW0,924000,CI FINANCIAL CORP,4.75,2028-04-03 00:00:00,101.253324,3.873658637185762,N.A.,2026-10-08,2026-10-09
05590HBE6,1000000,BMW CANADA INC,4.66,2028-04-05 00:00:00,101.820633,3.397791076120416,A,2026-10-08,2026-10-09
12658MAD3,10000,CNH INDUSTRIAL CAPITAL,4,2028-04-11 00:00:00,100.788311,3.458867628246254,BBB,2026-10-08,2026-10-09
64953BAU2,1000000,NEW YORK LIFE GLOBAL FDG,2,2028-04-17 00:00:00,98.289545,3.15771702284009,AA+,2026-10-08,2026-10-09
92938WAA1,69000,WSP GLOBAL INC,2.408,2028-04-19 00:00:00,98.738368,3.259627564815148,N.A.,2026-10-08,2026-10-09
949746TJ0,1000000,WELLS FARGO & COMPANY,5.083,2028-04-26 00:00:00,101.551328,4.038371003466579,BBB+,2026-10-08,2026-10-09
172967MJ7,1000000,CITIGROUP INC,5.07,2028-04-29 00:00:00,101.576168,4.014134735806318,BBB+,2026-10-08,2026-10-09
780086XL3,2000000,ROYAL BANK OF CANADA,4.632,2028-05-01 00:00:00,101.976533,3.324181336110699,A,2026-10-08,2026-10-09
391906AH7,1000000,GREATER TORONTO AIRPORTS,1.54,2028-05-03 00:00:00,98.19866,2.718899748258274,A+,2026-10-08,2026-10-09
045167FD0,288000,ASIAN DEVELOPMENT BANK,1.5,2028-05-04 00:00:00,97.852341,2.905894795003161,AAA,2026-10-08,2026-10-09
29446NAR1,1000000,EQUITABLE BANK,3.738,2028-05-05 00:00:00,100.250398,3.571791376318179,N.A.,2026-10-08,2026-10-09
16141AAG8,57000,CHARTWELL RETIREMENT RES,3.65,2028-05-06 00:00:00,100.374245,3.403177561959025,N.A.,2026-10-08,2026-10-09
45950KDC1,21000,INTL FINANCE CORP,3.3,2028-05-10 00:00:00,100.680694,2.857833067559512,AAA,2026-10-08,2026-10-09
019456AG7,500000,ALLIED PROPERTIES REIT,3.131,2028-05-15 00:00:00,99.235185,3.624847107364082,N.A.,2026-10-08,2026-10-09
349553AP2,790000,FORTIS INC,2.18,2028-05-15 00:00:00,98.856756,2.914212055398013,BBB+,2026-10-08,2026-10-09
318071AG2,987000,FINNING INTL INC,4.445,2028-05-16 00:00:00,101.591196,3.416308044310257,BBB+,2026-10-08,2026-10-09
45823TAF3,1000000,INTACT FINANCIAL CORP,2.179,2028-05-18 00:00:00,98.816165,2.935667030307987,N.A.,2026-10-08,2026-10-09
86828QAJ0,220000,SUPERIOR PLUS LP,4.25,2028-05-18 00:00:00,100.125,4.166526841056428,BB-,2026-10-08,2026-10-09
21053ZAW4,9000,ENBRIDGE GAS INC,6.1,2028-05-19 00:00:00,103.985053,3.535253707277675,A-,2026-10-08,2026-10-09
786688AE1,1000000,SAGEN MI CANADA INC,5.909,2028-05-19 00:00:00,103.621406,3.57707173393067,BBB+,2026-10-08,2026-10-09
34527ACY4,1000000,FORD CREDIT CANADA CO,5.242,2028-05-23 00:00:00,102.052237,3.922995333144352,BBB-,2026-10-08,2026-10-09
892329CB7,600000,TOYOTA CREDIT CANADA INC,3.36,2028-05-23 00:00:00,100.088415,3.302024747139076,A+,2026-10-08,2026-10-09
458182EK4,1000000,INTER-AMERICAN DEVEL BK,3.4,2028-05-24 00:00:00,100.857518,2.855634765738091,AAA,2026-10-08,2026-10-09
045167FX6,20000,ASIAN DEVELOPMENT BANK,3.3,2028-05-24 00:00:00,100.668627,2.875172154455563,AAA,2026-10-08,2026-10-09
89353ZBE7,28000,TRANSCANADA PIPELINES,6.28,2028-05-26 00:00:00,104.290391,3.549390518193074,BBB+,2026-10-08,2026-10-09
29251ZCA3,1000000,ENBRIDGE INC,4.9,2028-05-26 00:00:00,102.273914,3.453431273681162,BBB+,2026-10-08,2026-10-09
83179XAQ1,1000000,SMARTCENTRES REIT,5.354,2028-05-29 00:00:00,102.781237,3.590823995327752,N.A.,2026-10-08,2026-10-09
07813ZCJ1,1000000,BELL CANADA,2.2,2028-05-29 00:00:00,98.721369,3.003177761168696,BBB,2026-10-08,2026-10-09
06368LNK8,2000000,BANK OF MONTREAL,5.039,2028-05-29 00:00:00,102.491431,3.461642669255904,N.A.,2026-10-08,2026-10-09
02138ZAW3,987000,ALTAGAS LTD,2.075,2028-05-30 00:00:00,98.054941,3.299116609104913,BBB-,2026-10-08,2026-10-09
00889YAB7,1000000,AIMCO REALTY INVESTORS,3.043,2028-06-01 00:00:00,99.457669,3.382536996341456,N.A.,2026-10-08,2026-10-09
00912XBP8,500000,AIR LEASE CORP,5.4,2028-06-01 00:00:00,102.932324,3.548787195667669,BBB,2026-10-08,2026-10-09
46578WAC8,1000000,IVANHOE CAMBRIDGE II,4.994,2028-06-02 00:00:00,102.584707,3.367938373713009,N.A.,2026-10-08,2026-10-09
87262KAE5,970000,TMX GROUP LTD,3.779,2028-06-05 00:00:00,100.85408,3.243822571633959,N.A.,2026-10-08,2026-10-09
BP9499446,1000000,ATHENE GLOBAL FUNDING,2.47,2028-06-09 00:00:00,98.209045,3.583270271721184,A+,2026-10-08,2026-10-09
4578ZVAA2,190000,INNOVATION FCU,4.225,2028-06-12 00:00:00,100.430815,3.95410560413898,N.A.,2026-10-08,2026-10-09
126462AJ9,139000,CT REAL ESTATE INV TRUST,5.828,2028-06-14 00:00:00,103.465802,3.68161038740189,N.A.,2026-10-08,2026-10-09
63306AHP4,1938000,NATIONAL BANK OF CANADA,5.219,2028-06-14 00:00:00,102.965418,3.388346230443928,A-,2026-10-08,2026-10-09
12593CAF8,1000000,CPPIB CAPITAL INC,3,2028-06-15 00:00:00,100.075443,2.952222806815574,AAA,2026-10-08,2026-10-09
ZK9032275,1000000,EUROPEAN INVESTMENT BANK,3.9,2028-06-15 00:00:00,101.665229,2.878949844611323,AAA,2026-10-08,2026-10-09
26948ZBH4,500000,EAGLE CREDIT CARD TRUST,5.134,2028-06-17 00:00:00,102.888511,3.359709428609814,N.A.,2026-10-08,2026-10-09
96467AAB7,500000,WHITECAP RESOURCES INC,3.761,2028-06-19 00:00:00,100.462759,3.475412860572358,N.A.,2026-10-08,2026-10-09
49327ZAA3,1000000,KEYERA CORP,3.934,2028-06-21 00:00:00,100.814717,3.434684106919383,BBB,2026-10-08,2026-10-09
80310ZAJ8,894000,SAPUTO INC,2.297,2028-06-22 00:00:00,98.621992,3.132026856391845,N.A.,2026-10-08,2026-10-09
58769CAB8,1000000,MERCEDES-BENZ CA FIN INC,5.12,2028-06-27 00:00:00,102.902667,3.364373302110724,A,2026-10-08,2026-10-09
136765BY9,2000000,CANADIAN WESTERN BANK,4.571,2028-07-11 00:00:00,102.025142,3.372160326314533,N.A.,2026-10-08,2026-10-09
47788ZAS0,1000000,JOHN DEERE FINANCIALS IN,4.38,2028-07-11 00:00:00,101.720016,3.361608287834073,A,2026-10-08,2026-10-09
892329BT9,1000000,TOYOTA CREDIT CANADA INC,5.16,2028-07-12 00:00:00,103.010354,3.381424904464247,A+,2026-10-08,2026-10-09
37045YAM6,1000000,GM FINANCIAL CAD,5.1,2028-07-14 00:00:00,102.572291,3.580834673382349,BBB,2026-10-08,2026-10-09
26154EAD0,280000,DREAM SUMMIT INDUSTRIAL,2.44,2028-07-14 00:00:00,98.527113,3.30385368482442,N.A.,2026-10-08,2026-10-09
44991ZAD3,46000,ENBRIDGE INC,6.1,2028-07-14 00:00:00,103.918796,3.781343247933866,BBB+,2026-10-08,2026-10-09
136375CR1,995000,CANADIAN NATL RAILWAY,3.2,2028-07-31 00:00:00,99.810725,3.306688387831769,A-,2026-10-08,2026-10-09
780086TY0,1937000,ROYAL BANK OF CANADA,1.833,2028-07-31 00:00:00,98.141819,2.891819215531455,A,2026-10-08,2026-10-09
759480AM8,50000,RELIANCE LP,2.67,2028-08-01 00:00:00,98.371274,3.603389915262523,BBB-,2026-10-08,2026-10-09
63306AJM9,2000000,NATIONAL BANK OF CANADA,3.308,2028-08-15 00:00:00,100.420936,3.071143504128693,A-,2026-10-08,2026-10-09
31430WZM9,2000000,FED CAISSES DESJARDINS,5.475,2028-08-16 00:00:00,103.46142,3.529090369624721,A-,2026-10-08,2026-10-09
892329CE1,1000000,TOYOTA CREDIT CANADA INC,3.31,2028-08-18 00:00:00,99.705284,3.473278059698148,A+,2026-10-08,2026-10-09
07813ZCA0,1000000,BELL CANADA,3.8,2028-08-21 00:00:00,100.540707,3.496940517666025,BBB,2026-10-08,2026-10-09
387427AL1,1000000,GRANITE REIT HOLDINGS LP,2.194,2028-08-30 00:00:00,97.842301,3.379516343909938,N.A.,2026-10-08,2026-10-09
44932WAK6,1000000,HYUNDAI CAPITAL CANADA,3.573,2028-09-05 00:00:00,99.911844,3.619909606769656,A-,2026-10-08,2026-10-09
89117GX51,2000000,TORONTO-DOMINION BANK,5.491,2028-09-08 00:00:00,103.586704,3.537666663779437,A-,2026-10-08,2026-10-09
89117FJ34,1981000,TORONTO-DOMINION BANK,1.896,2028-09-11 00:00:00,97.910912,3.020549495790203,A-,2026-10-08,2026-10-09
11291ZAE7,1000000,BROOKFIELD INFRA FIN ULC,4.193,2028-09-11 00:00:00,101.159606,3.563223135491067,BBB+,2026-10-08,2026-10-09
34527ADD9,990000,FORD CREDIT CANADA CO,4.819,2028-09-11 00:00:00,101.382925,4.063348272017842,BBB-,2026-10-08,2026-10-09
14046ZAP4,1000000,CAPITAL POWER CORP,5.816,2028-09-15 00:00:00,103.975207,3.669049418701031,BBB-,2026-10-08,2026-10-09
47788ZAP6,1000000,JOHN DEERE FINANCIALS IN,5.17,2028-09-15 00:00:00,103.136704,3.479630443199233,A,2026-10-08,2026-10-09
12532HAG9,1000000,CGI INC,2.1,2028-09-18 00:00:00,97.387776,3.500697057665803,BBB+,2026-10-08,2026-10-09
305939AA8,1000000,FAIRSTONE BANK OF CANADA,3.937,2028-09-18 00:00:00,100.428955,3.705397954935896,N.A.,2026-10-08,2026-10-09
37638ZBU7,500000,GLACIER CREDIT CARD TRST,5.681,2028-09-20 00:00:00,103.974238,3.55257484639846,AAA,2026-10-08,2026-10-09
918423BE3,1000000,VW CREDIT CANADA INC,5.73,2028-09-20 00:00:00,103.742181,3.721670786030518,BBB+,2026-10-08,2026-10-09
775109CV1,1000000,ROGERS COMMUNICATIONS IN,5.7,2028-09-21 00:00:00,103.798654,3.665612063580226,BBB-,2026-10-08,2026-10-09
233852AH5,1000000,DAIMLER TRUCKS FI CANADA,5.77,2028-09-25 00:00:00,104.050341,3.614256428186935,A-,2026-10-08,2026-10-09
05358VAB4,503000,AVENUE LIVING 2014 LP,4.52,2028-09-25 00:00:00,99.934439,4.554363790380633,N.A.,2026-10-08,2026-10-09
12658MAH4,1000000,CNH INDUSTRIAL CAPITAL,4,2028-09-25 00:00:00,100.584251,3.68824860078536,BBB,2026-10-08,2026-10-09
87262KAL9,1000000,TMX GROUP LTD,3.862,2028-09-26 00:00:00,100.662914,3.509691821622973,N.A.,2026-10-08,2026-10-09
019456AK8,500000,ALLIED PROPERTIES REIT,5.534,2028-09-26 00:00:00,102.5399,4.174539772125185,N.A.,2026-10-08,2026-10-09
25675TAQ0,1000000,DOLLARAMA INC.,5.533,2028-09-26 00:00:00,103.540595,3.650280009990214,N.A.,2026-10-08,2026-10-09
438121BE4,1000000,HONDA CANADA FINANCE INC,5.73,2028-09-28 00:00:00,104.066907,3.57543876747759,N.A.,2026-10-08,2026-10-09
65479EAD6,500000,NISSAN CANADA INC,4.977,2028-10-03 00:00:00,100.1,4.923105360135627,N.A.,2026-10-08,2026-10-09
29260ZAL0,1000000,ENBRIDGE GAS INC,5.46,2028-10-06 00:00:00,103.921611,3.409348682464919,A-,2026-10-08,2026-10-09
05590HBG1,1000000,BMW CANADA INC,3.99,2028-10-10 00:00:00,100.951845,3.49431971848817,A,2026-10-08,2026-10-09
89119ZAT0,870000,TORONTO HYDRO CORP,5.13,2028-10-12 00:00:00,103.533441,3.299266677479884,A+,2026-10-08,2026-10-09
233852AM4,1000000,DAIMLER TRUCKS FI CANADA,3.48,2028-10-13 00:00:00,99.935493,3.513252197119265,A-,2026-10-08,2026-10-09
617577AL5,1000000,MORGUARD CORPORATION,5,2028-10-14 00:00:00,102.368907,3.76855965160241,N.A.,2026-10-08,2026-10-09
33564PAJ2,1000000,FIRST NATIONAL FINANCIAL,4.288,2028-10-23 00:00:00,101.162852,3.690525180803372,N.A.,2026-10-08,2026-10-09
833577AH2,870000,SOBEYS INC,3.1,2028-10-30 00:00:00,99.268246,3.470405118706998,BBB-,2026-10-08,2026-10-09
775109CP4,1000000,ROGERS COMMUNICATIONS IN,4.4,2028-11-02 00:00:00,101.719214,3.529467783373508,BBB-,2026-10-08,2026-10-09
766910BH5,929000,RIOCAN REAL ESTATE INVST,2.829,2028-11-08 00:00:00,98.733082,3.463451056208933,N.A.,2026-10-08,2026-10-09
154728AW9,1000000,CENTRAL 1 CREDIT UNION,5.981,2028-11-10 00:00:00,104.718189,3.6144873239915,N.A.,2026-10-08,2026-10-09
34527ACP3,1000000,FORD CREDIT CANADA CO,6.382,2028-11-10 00:00:00,104.505965,4.107371591369069,BBB-,2026-10-08,2026-10-09
68214WAU2,1000000,OMERS REALTY CORP,5.381,2028-11-14 00:00:00,103.826038,3.474643488856599,N.A.,2026-10-08,2026-10-09
16961RAM5,500000,CHIP MORTGAGE TRUST,6.069,2028-11-14 00:00:00,104.546965,3.794181588381096,N.A.,2026-10-08,2026-10-09
07813ZCN2,1000000,BELL CANADA,5.15,2028-11-14 00:00:00,103.31798,3.496159554771849,BBB,2026-10-08,2026-10-09
89400PAJ2,12000,TRANSURBAN FINANCE CO,4.555,2028-11-14 00:00:00,101.813436,3.648676408940088,BBB+,2026-10-08,2026-10-09
06418MX74,2000000,BANK OF NOVA SCOTIA,3.807,2028-11-15 00:00:00,101.023632,3.297969735687034,A-,2026-10-08,2026-10-09
31430WF90,2000000,FED CAISSES DESJARDINS,5.467,2028-11-17 00:00:00,103.900294,3.529406643162614,A-,2026-10-08,2026-10-09
892329CF8,1000000,TOYOTA CREDIT CANADA INC,3.12,2028-11-20 00:00:00,99.328193,3.450640643753977,A+,2026-10-08,2026-10-09
918423BL7,744000,VW CREDIT CANADA INC,3.39,2028-11-20 00:00:00,99.352529,3.709473593371304,BBB+,2026-10-08,2026-10-09
60359AAA6,1000000,MINI MALL STORG PRP TRST,4.284,2028-12-01 00:00:00,99.795298,4.382530891770808,N.A.,2026-10-08,2026-10-09
13638ZES0,931000,CANADIAN NATL RESOURCES,3.3,2028-12-08 00:00:00,99.625271,3.479523331159773,N.A.,2026-10-08,2026-10-09
13607L4C4,2000000,CANADIAN IMPERIAL BANK,3.65,2028-12-10 00:00:00,100.838152,3.245656166840694,N.A.,2026-10-08,2026-10-09
779926FY5,2000000,ROYAL BANK OF CANADA,3.626,2028-12-10 00:00:00,100.833658,3.223950360930483,A,2026-10-08,2026-10-09
134917AE3,360000,CANADA LIFE ASSURANCE CO,6.4,2028-12-11 00:00:00,106.209089,3.410648004301131,AA-,2026-10-08,2026-10-09
539481AM3,1000000,LOBLAW COS LTD,4.488,2028-12-11 00:00:00,102.045591,3.500840422068463,BBB+,2026-10-08,2026-10-09
87971MCE1,1000000,TELUS CORP,4.8,2028-12-15 00:00:00,102.620883,3.541006649467371,BBB-,2026-10-08,2026-10-09
83179XAP3,500000,SMARTCENTRES REIT,2.307,2028-12-18 00:00:00,98.157837,3.181920423424711,N.A.,2026-10-08,2026-10-09
06368LB88,2000000,BANK OF MONTREAL,4.537,2028-12-18 00:00:00,102.119702,3.52232124655607,N.A.,2026-10-08,2026-10-09
82621KAG7,52000,SIENNA SENIOR LIVING,3.524,2028-12-18 00:00:00,99.870788,3.583988046162889,N.A.,2026-10-08,2026-10-09
116705AK0,1000000,BRUCE POWER LP,2.68,2028-12-21 00:00:00,98.372681,3.452446203060444,N.A.,2026-10-08,2026-10-09
89117GRJ8,2000000,TORONTO-DOMINION BANK,4.68,2029-01-08 00:00:00,102.507753,3.508754345726017,A-,2026-10-08,2026-10-09
02138ZBH5,1000000,ALTAGAS LTD,4.672,2029-01-08 00:00:00,102.30606,3.59349042021051,BBB-,2026-10-08,2026-10-09
592179KB0,1000000,MET LIFE GLOB FUNDING I,2.45,2029-01-12 00:00:00,98.019403,3.365955712255553,AA-,2026-10-08,2026-10-09
11282ZAM0,1000000,BROOKFIELD RENEWABLE PAR,4.25,2029-01-15 00:00:00,101.45325,3.575325666349083,BBB+,2026-10-08,2026-10-09
47788ZAM3,1000000,JOHN DEERE FINANCIALS IN,2.81,2029-01-19 00:00:00,99.23831,3.157648103438215,A,2026-10-08,2026-10-09
01626PAT3,1000000,ALIMENTATION COUCHE-TARD,4.603,2029-01-25 00:00:00,102.278086,3.558762627421319,BBB+,2026-10-08,2026-10-09
BS3640353,1000000,NESTLE HOLDINGS INC,2.192,2029-01-26 00:00:00,97.572594,3.296095955300893,AA-,2026-10-08,2026-10-09
44932WAF7,1000000,HYUNDAI CAPITAL CANADA,4.895,2029-01-31 00:00:00,102.713773,3.658084233375081,A-,2026-10-08,2026-10-09
064164QM1,1970000,BANK OF NOVA SCOTIA,4.68,2029-02-01 00:00:00,102.534818,3.52804187040745,A-,2026-10-08,2026-10-09
63306AHT6,2000000,NATIONAL BANK OF CANADA,5.023,2029-02-01 00:00:00,103.287139,3.529596694945991,A-,2026-10-08,2026-10-09
136375CS9,562000,CANADIAN NATL RAILWAY,3,2029-02-08 00:00:00,100.202377,2.908625502105333,A-,2026-10-08,2026-10-09
34527ACT5,1000000,FORD CREDIT CANADA CO,5.441,2029-02-09 00:00:00,102.88304,4.13135869092065,BBB-,2026-10-08,2026-10-09
37045YAL8,1000000,GM FINANCIAL CAD,5,2029-02-09 00:00:00,102.785864,3.741628969638655,BBB,2026-10-08,2026-10-09
29251ZCP0,10000,ENBRIDGE PIPELINES INC,6.05,2029-02-12 00:00:00,104.858861,3.860194431609787,BBB+,2026-10-08,2026-10-09
26154EAE8,185000,DREAM SUMMIT INDUSTRIAL,5.111,2029-02-12 00:00:00,103.008842,3.756344471694129,N.A.,2026-10-08,2026-10-09
89156VAB2,1000000,TOURMALINE OIL CORP,2.529,2029-02-12 00:00:00,97.911971,3.462659908005494,N.A.,2026-10-08,2026-10-09
38019JAA5,7000,GO RESIDENTIAL OPERATING,4.534,2029-02-13 00:00:00,99.99784,4.532543279702073,N.A.,2026-10-08,2026-10-09
318071AJ6,1000000,FINNING INTL INC,4.778,2029-02-13 00:00:00,102.536621,3.63894210573219,BBB+,2026-10-08,2026-10-09
438121BH7,1000000,HONDA CANADA FINANCE INC,4.899,2029-02-21 00:00:00,102.930514,3.595888064197017,N.A.,2026-10-08,2026-10-09
29251ZCQ8,1000000,ENBRIDGE INC,3.52,2029-02-22 00:00:00,99.861727,3.580001996514226,BBB+,2026-10-08,2026-10-09
305939AB6,985000,FAIRSTONE BANK OF CANADA,3.618,2029-02-23 00:00:00,99.212601,3.96719437734967,N.A.,2026-10-08,2026-10-09
019456AL6,500000,ALLIED PROPERTIES REIT,4.808,2029-02-24 00:00:00,101.316682,4.218127470630351,N.A.,2026-10-08,2026-10-09
892329CH4,1000000,TOYOTA CREDIT CANADA INC,3.14,2029-02-26 00:00:00,99.113318,3.53012113689648,A+,2026-10-08,2026-10-09
19239CAC0,250000,COGECO COMMUNICATIONS,6.125,2029-02-27 00:00:00,102.9,4.820816891856494,BB+,2026-10-08,2026-10-09
38141GXT6,1000000,GOLDMAN SACHS GROUP INC,2.013,2029-02-28 00:00:00,98.457245,2.683625569020909,BBB+,2026-10-08,2026-10-09
74340XCL3,420000,PROLOGIS LP,4.7,2029-03-01 00:00:00,102.60541,3.555339702044003,A,2026-10-08,2026-10-09
04686PAD9,1000000,ATHENE GLOBAL FUNDING,5.113,2029-03-07 00:00:00,102.761992,3.901643072433747,A+,2026-10-08,2026-10-09
565018DJ4,976000,MANULIFE BANK OF CANADA,4.546,2029-03-08 00:00:00,102.325014,3.532794204847201,A+,2026-10-08,2026-10-09
13645RAZ7,945000,CANADIAN PACIFIC RAILWAY,3.15,2029-03-13 00:00:00,99.608292,3.318388910030579,BBB+,2026-10-08,2026-10-09
07813ZCQ5,1000000,BELL CANADA,5.25,2029-03-15 00:00:00,103.755165,3.624662988517291,BBB,2026-10-08,2026-10-09
892329BV4,1000000,TOYOTA CREDIT CANADA INC,4.46,2029-03-19 00:00:00,102.005933,3.595685270766391,A+,2026-10-08,2026-10-09
DA2339590,204000,SUNOCO LP,4.375,2029-03-26 00:00:00,100.175001,4.298852432104394,N.A.,2026-10-08,2026-10-09
05590HBJ5,1000000,BMW CANADA INC,3.7,2029-04-02 00:00:00,99.893097,3.745247351076597,A,2026-10-08,2026-10-09
89116CDM6,2000000,TORONTO-DOMINION BANK,4.232,2029-04-02 00:00:00,102.033926,3.37115120433833,N.A.,2026-10-08,2026-10-09
70632ZAM3,1000000,PEMBINA PIPELINE CORP,3.62,2029-04-03 00:00:00,99.961329,3.636224078094918,BBB,2026-10-08,2026-10-09
39191ZBC2,1000000,GREATER TORONTO AIRPORTS,2.73,2029-04-03 00:00:00,99.189088,3.071147436924426,A+,2026-10-08,2026-10-09
47788ZAR2,1000000,JOHN DEERE FINANCIALS IN,4.63,2029-04-04 00:00:00,102.712636,3.482600892540177,A,2026-10-08,2026-10-09
060505FU3,1000000,BANK OF AMERICA CORP,2.598,2029-04-04 00:00:00,99.194022,2.936075594332954,A-,2026-10-08,2026-10-09
44810ZBZ2,994000,HYDRO ONE INC,3.02,2029-04-05 00:00:00,99.294956,3.317058854332466,A,2026-10-08,2026-10-09
68214WAV0,1000000,OMERS REALTY CORP,4.539,2029-04-09 00:00:00,102.462037,3.502879643672219,N.A.,2026-10-08,2026-10-09
34527ADF4,1000000,FORD CREDIT CANADA CO,4.398,2029-04-09 00:00:00,100.520347,4.176817899383534,BBB-,2026-10-08,2026-10-09
26154EAK4,335000,DREAM SUMMIT INDUSTRIAL,3.959,2029-04-10 00:00:00,100.332621,3.818441980074128,N.A.,2026-10-08,2026-10-09
387427AM9,1000000,GRANITE REIT HOLDINGS LP,6.074,2029-04-12 00:00:00,105.563392,3.732046627228391,N.A.,2026-10-08,2026-10-09
29446NAV2,1000000,EQUITABLE BANK,3.87,2029-04-12 00:00:00,100.404178,3.6997966055617,N.A.,2026-10-08,2026-10-09
65344UAA9,1000000,NEXUS INDUSTRIAL REIT,4.236,2029-04-14 00:00:00,100.607634,3.979565169147548,N.A.,2026-10-08,2026-10-09
775109BT7,1000000,ROGERS COMMUNICATIONS IN,3.75,2029-04-15 00:00:00,100.307396,3.620964658274661,BBB-,2026-10-08,2026-10-09
775109BJ9,1000000,ROGERS COMMUNICATIONS IN,3.25,2029-05-01 00:00:00,99.473704,3.465540417089374,BBB-,2026-10-08,2026-10-09
766910BJ1,1000000,RIOCAN REAL ESTATE INVST,4.628,2029-05-01 00:00:00,102.06012,3.776802127125412,N.A.,2026-10-08,2026-10-09
07813ZAC8,500000,BELL CANADA,6.55,2029-05-01 00:00:00,106.914977,3.698210228307341,BBB,2026-10-08,2026-10-09
136375DL3,952000,CANADIAN NATL RAILWAY,4.6,2029-05-02 00:00:00,102.544759,3.553374629107053,A-,2026-10-08,2026-10-09
87971MBJ1,1000000,TELUS CORP,3.3,2029-05-02 00:00:00,99.560314,3.47978266829847,BBB-,2026-10-08,2026-10-09
44932WAM2,1000000,HYUNDAI CAPITAL CANADA,3.722,2029-05-14 00:00:00,99.954793,3.73927506277314,N.A.,2026-10-08,2026-10-09
682142AC8,1000000,OMERS FINANCE TRUST,2.6,2029-05-14 00:00:00,98.529991,3.192891321113733,AAA,2026-10-08,2026-10-09
ZS5370755,1000000,OMERS FINANCE TRUST,2.6,2029-05-14 00:00:00,98.529991,3.192891321113733,AA+,2026-10-08,2026-10-09
36275WAA9,96000,GC CREDIT-BAIL QUEBEC,4.611,2029-05-27 00:00:00,100.169557,4.539934430866555,BBB,2026-10-08,2026-10-09
559222BB9,995000,MAGNA INTERNATIONAL INC,4.8,2029-05-30 00:00:00,102.589506,3.760117457661516,A-,2026-10-08,2026-10-09
349553AQ0,985000,FORTIS INC,4.431,2029-05-31 00:00:00,102.347149,3.492627604925524,BBB+,2026-10-08,2026-10-09
00889YAD3,1000000,AIMCO REALTY INVESTORS,2.712,2029-06-01 00:00:00,98.05644,3.485898193533088,N.A.,2026-10-08,2026-10-09
663307AF3,1000000,NORTH WEST REDWATER PRT/,4.25,2029-06-01 00:00:00,101.589241,3.613572093936246,N.A.,2026-10-08,2026-10-09
565018DQ8,1000000,MANULIFE BANK OF CANADA,3.162,2029-06-01 00:00:00,98.966607,3.573386628858111,A+,2026-10-08,2026-10-09
438121BK0,1000000,HONDA CANADA FINANCE INC,4.9,2029-06-04 00:00:00,103.153359,3.641621921156912,N.A.,2026-10-08,2026-10-09
12658MAE1,309000,CNH INDUSTRIAL CAPITAL,3.75,2029-06-05 00:00:00,99.833088,3.815086717971572,BBB,2026-10-08,2026-10-09
17039AAP1,1000000,CHOICE PROPERTIES REIT,3.532,2029-06-11 00:00:00,99.720291,3.641257761388439,BBB+,2026-10-08,2026-10-09
47788ZAT8,1000000,JOHN DEERE FINANCIALS IN,3.55,2029-06-12 00:00:00,99.899442,3.588294935616498,A,2026-10-08,2026-10-09
779926QY3,2000000,ROYAL BANK OF CANADA,3.411,2029-06-12 00:00:00,100.165943,3.344416951303875,A,2026-10-08,2026-10-09
83179XAW8,1000000,SMARTCENTRES REIT,3.599,2029-06-12 00:00:00,99.29198561,3.878370408984355,N.A.,2026-10-08,2026-10-09
023135DU7,920000,AMAZON.COM INC,3.4,2029-06-12 00:00:00,99.571685,3.567785846582505,AA,2026-10-08,2026-10-09
83179XAT5,1000000,SMARTCENTRES REIT,3.599,2029-06-12 00:00:00,99.283206,3.881867984692566,N.A.,2026-10-08,2026-10-09
303901BD3,945000,FAIRFAX FINL HLDGS LTD,4.23,2029-06-14 00:00:00,101.300991,3.714276333017374,A-,2026-10-08,2026-10-09
94106BAH4,500000,WASTE CONNECTIONS INC,4.5,2029-06-14 00:00:00,102.078329,3.677570104083627,BBB+,2026-10-08,2026-10-09
69363TAS1,1000000,PSP CAPITAL INC,3.75,2029-06-15 00:00:00,101.535571,3.147928106912024,AAA,2026-10-08,2026-10-09
26948ZBL5,500000,EAGLE CREDIT CARD TRUST,4.916,2029-06-17 00:00:00,103.429692,3.56614789103642,N.A.,2026-10-08,2026-10-09
617577AM3,1000000,MORGUARD CORPORATION,4.307,2029-06-18 00:00:00,100.570923,4.079021956148776,N.A.,2026-10-08,2026-10-09
89353ZBF4,499000,TRANSCANADA PIPELINES,5.65,2029-06-20 00:00:00,104.900336,3.722670694880503,N.A.,2026-10-08,2026-10-09
YX7509830,994000,SAGICOR FINANCIAL CO,6.359,2029-06-20 00:00:00,104.468883,4.576867758437397,N.A.,2026-10-08,2026-10-09
92340VAA5,151000,VEREN INC,4.968,2029-06-21 00:00:00,103.04002,3.771907392439,N.A.,2026-10-08,2026-10-09
116705AE4,1000000,BRUCE POWER LP,4.01,2029-06-21 00:00:00,100.981595,3.623687021895861,N.A.,2026-10-08,2026-10-09
636273AC8,500000,NATL GRID ELECT TRANS,2.301,2029-06-22 00:00:00,96.655598,3.608883636870908,BBB+,2026-10-08,2026-10-09
58769CAF9,1000000,MERCEDES-BENZ CA FIN INC,3.5,2029-06-22 00:00:00,99.30973,3.769264816747397,A,2026-10-08,2026-10-09
892329BX0,1000000,TOYOTA CREDIT CANADA INC,4.44,2029-06-27 00:00:00,102.032141,3.646128382629965,A+,2026-10-08,2026-10-09
294105AB7,157000,EPCOR UTILITIES,6.8,2029-06-28 00:00:00,108.536936,3.481939853246474,N.A.,2026-10-08,2026-10-09
74167KAD1,500000,PRIMARIS REAL ESTATE INV,6.374,2029-06-30 00:00:00,106.256979,3.928806586329014,N.A.,2026-10-08,2026-10-09
13607P6X7,250000,CANADIAN IMPERIAL BANK,3.22617,2029-06-30 00:00:00,101.373013,2.699465514487875,A-,2026-10-08,2026-10-09
25675TAL1,978000,DOLLARAMA INC,2.443,2029-07-09 00:00:00,97.639228,3.346907973410818,N.A.,2026-10-08,2026-10-09
BQ4211257,1000000,BNP PARIBAS,2.538,2029-07-13 00:00:00,98.315722,3.178490201257644,A-,2026-10-08,2026-10-09
92660FAR5,500000,VIDEOTRON LTD,4.65,2029-07-15 00:00:00,102.422852,3.719044805553851,BBB-,2026-10-08,2026-10-09
892329CL5,1000000,TOYOTA CREDIT CANADA INC,3.55,2029-07-16 00:00:00,99.689531,3.667293750370937,A+,2026-10-08,2026-10-09
63306AJF4,2000000,NATIONAL BANK OF CANADA,3.522,2029-07-17 00:00:00,100.271011,3.417377387934883,A-,2026-10-08,2026-10-09
06368L5G7,1919000,BANK OF MONTREAL,4.42,2029-07-17 00:00:00,101.921105,3.683331157344427,N.A.,2026-10-08,2026-10-09
977734AB8,250000,WOLF MIDSTREAM CANADA LP,6.4,2029-07-18 00:00:00,103.675,4.963313500757738,N.A.,2026-10-08,2026-10-09
921580BK1,1570000,VANCOUVER CITY SVGS CRED,4.355,2029-07-24 00:00:00,100.559599,4.138741877987617,N.A.,2026-10-08,2026-10-09
44932WAH3,1000000,HYUNDAI CAPITAL CANADA,4.583,2029-07-24 00:00:00,102.061627,3.796199552444945,A-,2026-10-08,2026-10-09
350863AB2,1000000,407 INTERNATIONAL INC,6.47,2029-07-27 00:00:00,107.913555,3.47850938159382,A,2026-10-08,2026-10-09
29260ZAA4,1000000,ENBRIDGE GAS INC,2.37,2029-08-09 00:00:00,97.249561,3.394313445944452,A-,2026-10-08,2026-10-09
04682RAG2,27000,ATHABASCA OIL CORP,6.75,2029-08-09 00:00:00,104.65,4.96895899427765,BB-,2026-10-08,2026-10-09
07813ZCS1,1000000,BELL CANADA,3.65,2029-08-14 00:00:00,99.727066,3.750527459187292,BBB,2026-10-08,2026-10-09
008911BL2,250000,AIR CANADA,4.625,2029-08-15 00:00:00,101.125,4.200623665365533,BBB-,2026-10-08,2026-10-09
019456AD4,1000000,ALLIED PROPERTIES REIT,3.394,2029-08-15 00:00:00,97.420485,4.363897166178643,N.A.,2026-10-08,2026-10-09
87262KAG0,1000000,TMX GROUP LTD,4.678,2029-08-16 00:00:00,102.862253,3.61260301488413,N.A.,2026-10-08,2026-10-09
918423BG8,1000000,VW CREDIT CANADA INC,4.42,2029-08-20 00:00:00,101.34471,3.917977725476374,BBB+,2026-10-08,2026-10-09
BR0028133,1000000,MACQUARIE GROUP LTD,2.723,2029-08-21 00:00:00,98.628901,3.226336202752589,BBB+,2026-10-08,2026-10-09
918423BQ6,1000000,VW CREDIT CANADA INC,3.95,2029-08-27 00:00:00,99.89646,3.987068859954035,BBB+,2026-10-08,2026-10-09
BZ0870783,1000000,CDP FINANCIAL INC,3.95,2029-09-01 00:00:00,101.950054,3.238615195350358,AAA,2026-10-08,2026-10-09
05590HBK2,933000,BMW CANADA INC,3.7,2029-09-05 00:00:00,99.466621,3.894751665071294,A,2026-10-08,2026-10-09
12532HAJ3,1000000,CGI INC,4.147,2029-09-05 00:00:00,100.78744,3.85714397081165,BBB+,2026-10-08,2026-10-09
07813ZCC6,1000000,BELL CANADA,2.9,2029-09-10 00:00:00,98.356281,3.495929403963527,BBB,2026-10-08,2026-10-09
565018DU9,1000000,MANULIFE BANK OF CANADA,3.828,2029-09-10 00:00:00,100.135443,3.777764218096391,A+,2026-10-08,2026-10-09
305939AC4,992000,FAIRSTONE BANK OF CANADA,4.31,2029-09-10 00:00:00,100.415352,4.156547591961313,N.A.,2026-10-08,2026-10-09
34527ADA5,1000000,FORD CREDIT CANADA CO,4.792,2029-09-12 00:00:00,101.092425,4.389192322801594,BBB-,2026-10-08,2026-10-09
68321ZAD3,1000000,ONTARIO POWER GENERATION,2.977,2029-09-13 00:00:00,98.513531,3.514616741604759,BBB+,2026-10-08,2026-10-09
87971MBZ5,1000000,TELUS CORP,5,2029-09-13 00:00:00,103.153544,3.850843715908403,BBB-,2026-10-08,2026-10-09
884903BY0,1000000,THOMSON REUTERS CORP,4.13,2029-09-17 00:00:00,100.93209,3.791468937298226,A-,2026-10-08,2026-10-09
37482ZAA9,938000,GIBSON ENERGY INC,3.6,2029-09-17 00:00:00,99.615415,3.73864294124886,BBB-,2026-10-08,2026-10-09
89353ZCE6,1000000,TRANSCANADA PIPELINES,3,2029-09-18 00:00:00,98.425124,3.567675389142022,BBB+,2026-10-08,2026-10-09
459058HF3,1000000,INTL BK RECON & DEVELOP,1.95,2029-09-20 00:00:00,96.630485,3.154810820509213,AAA,2026-10-08,2026-10-09
05534ZAF3,209000,FORTISBC ENERGY INC,6.95,2029-09-21 00:00:00,108.800983,3.771653825488097,N.A.,2026-10-08,2026-10-09
31430W3J1,1938000,FED CAISSES DESJARDINS,3.804,2029-09-24 00:00:00,100.200747,3.731316213645219,A-,2026-10-08,2026-10-09
233852AK8,1000000,DAIMLER TRUCKS FI CANADA,4.54,2029-09-27 00:00:00,101.905717,3.854234396927203,A-,2026-10-08,2026-10-09
227107AT6,100000,CROMBIE REAL ESTATE INV,5.244,2029-09-28 00:00:00,103.53633,3.970443571847704,N.A.,2026-10-08,2026-10-09
12593CAJ0,1000000,CPPIB CAPITAL INC,1.95,2029-09-30 00:00:00,96.539486,3.176985432500534,AAA,2026-10-08,2026-10-09
12593CAH4,1000000,CPPIB CAPITAL INC,1.95,2029-09-30 00:00:00,96.539486,3.176985432500534,AAA,2026-10-08,2026-10-09
19046FAM4,1000000,COASTAL GASLINK PIPELINE,4.691,2029-09-30 00:00:00,102.805924,3.687102696078148,N.A.,2026-10-08,2026-10-09
766910BL6,1000000,RIOCAN REAL ESTATE INVST,5.962,2029-10-01 00:00:00,105.62993,3.941220373642396,N.A.,2026-10-08,2026-10-09
892329CA9,1000000,TOYOTA CREDIT CANADA INC,3.73,2029-10-02 00:00:00,100.0192,3.722945660257015,A+,2026-10-08,2026-10-09
29251ZBS5,1000000,ENBRIDGE INC,2.99,2029-10-03 00:00:00,98.257059,3.610806183714099,BBB+,2026-10-08,2026-10-09
387427AN7,1000000,GRANITE REIT HOLDINGS LP,3.999,2029-10-04 00:00:00,100.40684,3.853447184906789,N.A.,2026-10-08,2026-10-09
03772DAA9,1000000,APOTEX HEALTH CORP,4.39,2029-10-05 00:00:00,101.217056,3.954529999134082,N.A.,2026-10-08,2026-10-09
11291ZAF4,1000000,BROOKFIELD INFRA FIN ULC,3.41,2029-10-09 00:00:00,98.874864,3.810069785853831,BBB+,2026-10-08,2026-10-09
92848PAE7,150000,VITAL INFRASTRUCTURE PRO,4.865,2029-10-15 00:00:00,101.0627244,4.484354986818295,N.A.,2026-10-08,2026-10-09
13551XAB9,274000,CANADIAN CORE REAL EST,4.482,2029-10-16 00:00:00,100.970166,4.136818852807189,N.A.,2026-10-08,2026-10-09
89347ZAC1,97000,TRANSALTA CORP,7.3,2029-10-22 00:00:00,106.825,4.855648249321498,BB+,2026-10-08,2026-10-09
44932WAQ3,1000000,HYUNDAI CAPITAL CANADA,3.848,2029-10-26 00:00:00,99.803792,3.916311099400249,N.A.,2026-10-08,2026-10-09
ZL2138499,1000000,ONTARIO TEACHERS' FINANC,4.15,2029-11-01 00:00:00,102.476589,3.293274277491043,AA+,2026-10-08,2026-10-09
96467AAA9,470000,WHITECAP RESOURCES INC,4.382,2029-11-01 00:00:00,101.472466,3.867130883710668,N.A.,2026-10-08,2026-10-09
918423BK9,1000000,VW CREDIT CANADA INC,4.49,2029-11-19 00:00:00,101.230251,4.064049062571873,BBB+,2026-10-08,2026-10-09
375916AA1,500000,GILDAN ACTIVEWEAR INC,4.362,2029-11-22 00:00:00,101.34213,3.899932266785799,BBB-,2026-10-08,2026-10-09
59162NAM1,990000,METRO INC,3.998,2029-11-27 00:00:00,100.530077,3.815764923052778,BBB,2026-10-08,2026-10-09
80310ZAK5,1000000,SAPUTO INC,5.25,2029-11-29 00:00:00,104.281148,3.789848316992006,N.A.,2026-10-08,2026-10-09
44810ZCK4,1000000,HYDRO ONE INC,3.93,2029-11-30 00:00:00,101.141188,3.54204180860942,A,2026-10-08,2026-10-09
448059AA3,500000,HUSKY MIDSTREAM LP,4.1,2029-12-02 00:00:00,100.768918,3.837145480361781,N.A.,2026-10-08,2026-10-09
691915AA0,1000000,OXFORD PROPERTIES GROUP,3.905,2029-12-04 00:00:00,100.168016,3.846596149587467,N.A.,2026-10-08,2026-10-09
775109CQ2,1000000,ROGERS COMMUNICATIONS IN,3.3,2029-12-10 00:00:00,99.23667,3.555487669095103,BBB-,2026-10-08,2026-10-09
89119ZAL7,1000000,TORONTO HYDRO CORP,2.43,2029-12-11 00:00:00,97.588534,3.234597044239629,A+,2026-10-08,2026-10-09
539481AT8,839000,LOBLAW COS LTD,3.564,2029-12-12 00:00:00,99.451001,3.747598012723752,BBB+,2026-10-08,2026-10-09
12532HAN4,1000000,CGI INC,4.195,2029-12-14 00:00:00,100.673175,3.966180891502336,N.A.,2026-10-08,2026-10-09
83179XAK4,1000000,SMARTCENTRES REIT,3.526,2029-12-20 00:00:00,98.507249,4.026519387842709,N.A.,2026-10-08,2026-10-09
89678ZAC0,334000,TRISUMMIT UTILITIES INC,5.02,2030-01-11 00:00:00,103.214126,3.956818007610718,N.A.,2026-10-08,2026-10-09
44932WAL4,932000,HYUNDAI CAPITAL CANADA,3.584,2030-01-14 00:00:00,98.967037,3.922601546817872,A-,2026-10-08,2026-10-09
69363TAN2,941000,PSP CAPITAL INC,2.05,2030-01-15 00:00:00,96.095657,3.319513138837604,AAA,2026-10-08,2026-10-09
11282ZAN8,905000,BROOKFIELD RENEWABLE PAR,3.38,2030-01-15 00:00:00,98.98429,3.711543560184505,BBB+,2026-10-08,2026-10-09
17039ABA3,1000000,CHOICE PROPERTIES REIT,4.293,2030-01-16 00:00:00,101.164044,3.908823543449391,BBB+,2026-10-08,2026-10-09
12658MAF8,500000,CNH INDUSTRIAL CAPITAL,3.8,2030-01-22 00:00:00,99.308363,4.02516814042817,BBB,2026-10-08,2026-10-09
70632ZAQ4,1000000,PEMBINA PIPELINE CORP,3.31,2030-02-01 00:00:00,98.587064,3.766189483588867,BBB,2026-10-08,2026-10-09
836720AA0,1000000,SOUTH BOW CAN INFRA HOLD,4.323,2030-02-01 00:00:00,101.049462,3.980349339663625,BBB-,2026-10-08,2026-10-09
05590HBN6,1000000,BMW CANADA INC,3.54,2030-02-04 00:00:00,98.621124,3.985811472039669,A,2026-10-08,2026-10-09
14046ZAM1,1000000,CAPITAL POWER CORP,4.424,2030-02-08 00:00:00,101.680299,3.880359280034384,BBB-,2026-10-08,2026-10-09
07813ZCL6,1000000,BELL CANADA,4.55,2030-02-09 00:00:00,102.00851,3.900680979295612,BBB,2026-10-08,2026-10-09
00889YAF8,1000000,AIMCO REALTY INVESTORS,4.64,2030-02-15 00:00:00,102.427375,3.85983220903563,N.A.,2026-10-08,2026-10-09
92848PAD9,150000,VITAL INFRA PROP TRUST,5.514,2030-02-18 00:00:00,102.916604,4.566169886024984,N.A.,2026-10-08,2026-10-09
565018DS4,847000,MANULIFE BANK OF CANADA,3.318,2030-02-19 00:00:00,98.463324,3.808006608084713,A+,2026-10-08,2026-10-09
87971MBN2,1000000,TELUS CORP,3.15,2030-02-19 00:00:00,98.032046,3.777508336410063,BBB-,2026-10-08,2026-10-09
34527ACS7,984000,FORD CREDIT CANADA CO,5.668,2030-02-20 00:00:00,103.444908,4.550840282927759,BBB-,2026-10-08,2026-10-09
019456AF9,1000000,ALLIED PROPERTIES REIT,3.117,2030-02-21 00:00:00,95.471836,4.581441848102608,N.A.,2026-10-08,2026-10-09
29251ZCC9,1000000,ENBRIDGE INC,4.21,2030-02-22 00:00:00,100.924964,3.913311526335117,BBB+,2026-10-08,2026-10-09
37045YAN4,1000000,GM FINANCIAL CAD,4.45,2030-02-25 00:00:00,101.141319,4.083798696842256,BBB,2026-10-08,2026-10-09
29251ZCG0,1000000,ENBRIDGE INC,3.9,2030-02-25 00:00:00,99.962626,3.910817526754262,BBB+,2026-10-08,2026-10-09
44810ZCC2,1000000,HYDRO ONE INC,2.16,2030-02-28 00:00:00,96.068825,3.397504321271794,A,2026-10-08,2026-10-09
766910BN2,990000,RIOCAN REAL ESTATE INVST,5.47,2030-03-01 00:00:00,104.186974,4.135022415124978,N.A.,2026-10-08,2026-10-09
55279QAF7,2000000,MCAP COMMERCIAL LP,4.816,2030-03-04 00:00:00,100.668334,4.600428020224556,N.A.,2026-10-08,2026-10-09
17039AAS5,1000000,CHOICE PROPERTIES REIT,2.981,2030-03-04 00:00:00,97.502552,3.768506224816703,BBB+,2026-10-08,2026-10-09
35085ZBT2,1000000,407 INTERNATIONAL INC,3.14,2030-03-06 00:00:00,98.465616,3.621522349236472,A,2026-10-08,2026-10-09
74167KAF6,1000000,PRIMARIS REAL ESTATE INV,4.998,2030-03-15 00:00:00,102.717335,4.140636351688021,N.A.,2026-10-08,2026-10-09
779926WD2,2000000,ROYAL BANK OF CANADA,3.831,2030-03-27 00:00:00,100.36478,3.717654039986207,A,2026-10-08,2026-10-09
781903AP4,660000,RUSSEL METALS INC,4.423,2030-03-28 00:00:00,100.787358,4.176683999542896,N.A.,2026-10-08,2026-10-09
26154EAL2,1000000,DREAM SUMMIT INDUSTRIAL,4.432,2030-03-28 00:00:00,100.943684,4.137078397041782,N.A.,2026-10-08,2026-10-09
227107AU3,237000,CROMBIE REAL ESTATE INV,5.139,2030-03-29 00:00:00,103.131255,4.161516612602223,N.A.,2026-10-08,2026-10-09
65344UAC5,1000000,NEXUS INDUSTRIAL REIT,4.563,2030-03-29 00:00:00,100.819155,4.306321652282041,N.A.,2026-10-08,2026-10-09
29260ZAC0,992000,ENBRIDGE GAS INC,2.9,2030-04-01 00:00:00,97.333029,3.723880403368907,A-,2026-10-08,2026-10-09
13607QH88,2000000,CANADIAN IMPERIAL BANK,3.7,2030-04-02 00:00:00,100.009556,3.696884928525113,A-,2026-10-08,2026-10-09
68321ZAG6,1000000,ONTARIO POWER GENERATION,3.215,2030-04-08 00:00:00,98.272243,3.746318090010869,BBB+,2026-10-08,2026-10-09
592179JZ9,1000000,MET LIFE GLOB FUNDING I,3.394,2030-04-09 00:00:00,98.562456,3.836490458276942,AA-,2026-10-08,2026-10-09
63306AJV9,2000000,NATIONAL BANK OF CANADA,3.635,2030-04-13 00:00:00,99.847172,3.681632662043355,A-,2026-10-08,2026-10-09
89116WEY5,2000000,TORONTO-DOMINION BANK,3.767,2030-04-13 00:00:00,100.159787,3.717926659271842,A-,2026-10-08,2026-10-09
13645RBU7,1000000,CANADIAN PACIFIC RR CO,4.2,2030-04-15 00:00:00,101.005404,3.891299764144107,BBB+,2026-10-08,2026-10-09
759480AR7,500000,RELIANCE LP,3.596,2030-04-18 00:00:00,98.49628,4.057556291991982,BBB-,2026-10-08,2026-10-09
25675TAP2,1000000,DOLLARAMA INC.,5.165,2030-04-26 00:00:00,103.928054,3.96690220402014,N.A.,2026-10-08,2026-10-09
06419FSD1,2000000,BANK OF NOVA SCOTIA,3.575,2030-05-01 00:00:00,99.635208,3.684565700676878,A-,2026-10-08,2026-10-09
290876AE1,1000000,EMERA INC,4.838,2030-05-02 00:00:00,102.657112,4.03012676706378,BBB-,2026-10-08,2026-10-09
539481AN1,996000,LOBLAW COS LTD,2.284,2030-05-07 00:00:00,96.232357,3.410050912151807,BBB+,2026-10-08,2026-10-09
136375DF6,1000000,CANADIAN NATL RAILWAY,4.15,2030-05-10 00:00:00,101.288468,3.762063916149594,A-,2026-10-08,2026-10-09
18976JAC4,973000,CO-OPERATORS FINANCIAL S,3.327,2030-05-13 00:00:00,97.599185,4.050022346617799,BBB,2026-10-08,2026-10-09
07813ZCE2,1000000,BELL CANADA,2.5,2030-05-14 00:00:00,96.118496,3.659896352962488,BBB,2026-10-08,2026-10-09
39138CAK2,953000,GREAT-WEST LIFECO INC,2.379,2030-05-14 00:00:00,96.331901,3.471062515939694,A+,2026-10-08,2026-10-09
29447JAB4,1000000,EQUINIX CANADA FIN,3.95,2030-05-15 00:00:00,99.489579,4.102837212676724,BBB+,2026-10-08,2026-10-09
565018DN5,1000000,MANULIFE BANK OF CANADA,3.717,2030-05-15 00:00:00,99.374329,3.90394047111251,A+,2026-10-08,2026-10-09
92343VFG4,1000000,VERIZON COMMUNICATIONS,2.5,2030-05-16 00:00:00,95.272969,3.917833664432657,BBB+,2026-10-08,2026-10-09
892329CC5,1000000,TOYOTA CREDIT CANADA INC,3.74,2030-05-21 00:00:00,99.444796,3.904990434808497,A+,2026-10-08,2026-10-09
438121BL8,1000000,HONDA CANADA FINANCE INC,3.874,2030-05-22 00:00:00,99.559274,4.004857689331476,N.A.,2026-10-08,2026-10-09
04686PAE7,944000,ATHENE GLOBAL FUNDING,4.091,2030-05-23 00:00:00,99.421631,4.263670467321989,A+,2026-10-08,2026-10-09
268317AW4,1000000,ELECTRICITE DE FRANCE SA,5.993,2030-05-23 00:00:00,106.034677,4.179905355340829,BBB+,2026-10-08,2026-10-09
046789AB9,25000,ATCO LTD,3.878,2030-05-27 00:00:00,99.601389,3.995745478819024,N.A.,2026-10-08,2026-10-09
66975ZAR5,23000,NOVA GAS TRANSMISSION,6.3,2030-05-27 00:00:00,106.476834,4.352661234128763,BBB+,2026-10-08,2026-10-09
45833VAH2,1000000,INTER PIPELINE LTD,5.71,2030-05-29 00:00:00,105.18665,4.158529731851801,N.A.,2026-10-08,2026-10-09
49327ZAB1,1000000,Keyera CORP,3.959,2030-05-29 00:00:00,99.805502,4.015758107732492,BBB,2026-10-08,2026-10-09
31890BAD5,500000,FIRST CAP REALTY INC,4.513,2030-06-03 00:00:00,101.411233,4.091711457023517,N.A.,2026-10-08,2026-10-09
448810AC5,866000,HYDRO ONE INC,7.35,2030-06-03 00:00:00,112.273841,3.723147938964488,A,2026-10-08,2026-10-09
68214WAS7,995000,OMERS REALTY CORP,3.628,2030-06-05 00:00:00,99.590831,3.747650043533679,N.A.,2026-10-08,2026-10-09
126462AK6,86000,CT REAL ESTATE INV TRUST,4.292,2030-06-09 00:00:00,100.51518,4.137767040561768,N.A.,2026-10-08,2026-10-09
136375DS8,1000000,CANADIAN NATL RAILWAY,3.5,2030-06-10 00:00:00,99.153408,3.747844149389068,A-,2026-10-08,2026-10-09
39191ZAA7,64000,GREATER TORONTO AIRPORTS,7.05,2030-06-12 00:00:00,111.18361,3.763029029177489,A+,2026-10-08,2026-10-09
65339KDR8,1000000,NEXTERA ENERGY CAPITAL,3.83,2030-06-12 00:00:00,99.562404,3.957762350485328,BBB+,2026-10-08,2026-10-09
26948ZBP6,500000,EAGLE CREDIT CARD TRUST,3.917,2030-06-17 00:00:00,100.256704,3.840455373092033,N.A.,2026-10-08,2026-10-09
116705AJ3,1000000,BRUCE POWER LP,4,2030-06-21 00:00:00,100.098311,3.969795354252459,N.A.,2026-10-08,2026-10-09
21874FAB1,1000000,COREBRIDGE GLOB FUNDING,3.758,2030-06-24 00:00:00,98.567758,4.17731461257802,A+ *-,2026-10-08,2026-10-09
34527ADG2,1000000,FORD CREDIT CANADA CO,4.45,2030-06-24 00:00:00,99.165596,4.695797503806154,BBB-,2026-10-08,2026-10-09
780086ZH0,1979000,ROYAL BANK OF CANADA,5.228,2030-06-24 00:00:00,104.867833,3.807031283690576,A,2026-10-08,2026-10-09
802912AA3,1000000,SAPUTO INC,3.879,2030-07-02 00:00:00,99.713035,3.961062009655358,N.A.,2026-10-08,2026-10-09
26153WAM1,214000,DREAM INDUSTRIAL REIT,4.287,2030-07-03 00:00:00,100.255311,4.210812061417246,N.A.,2026-10-08,2026-10-09
89353ZCN6,1000000,TRANSCANADA PIPELINES,5.277,2030-07-15 00:00:00,104.378992,4.011644594626129,BBB+,2026-10-08,2026-10-09
07337EAD0,1000000,BCI QUADREAL REALTY,1.747,2030-07-24 00:00:00,93.557261,3.577823606250363,N.A.,2026-10-08,2026-10-09
29251ZAD9,19000,ENBRIDGE INC,7.22,2030-07-24 00:00:00,110.34294,4.237143036921709,BBB+,2026-10-08,2026-10-09
11291ZAM9,1000000,BROOKFIELD INFRA FIN ULC,5.71,2030-07-27 00:00:00,105.71767,4.06946679144069,BBB+,2026-10-08,2026-10-09
83179XAR9,1000000,SMARTCENTRES REIT,5.162,2030-08-01 00:00:00,103.086176,4.274911688213634,N.A.,2026-10-08,2026-10-09
459200MA6,1000000,IBM CORP,4.1,2030-08-15 00:00:00,100.286699,4.017750907745943,A-,2026-10-08,2026-10-09
565018DP0,995000,MANULIFE BANK OF CANADA,3.689,2030-08-19 00:00:00,99.114534,3.937267363221442,A+,2026-10-08,2026-10-09
892329CD3,1000000,TOYOTA CREDIT CANADA INC,3.65,2030-08-19 00:00:00,98.906672,3.956914456472815,A+,2026-10-08,2026-10-09
154728AZ2,981000,CENTRAL 1 CREDIT UNION,3.998,2030-08-20 00:00:00,99.88973,4.027985000009493,N.A.,2026-10-08,2026-10-09
82621KAF9,92000,SIENNA SENIOR LIVING,4.112,2030-08-21 00:00:00,99.799853,4.167388857657905,N.A.,2026-10-08,2026-10-09
42246QAD0,500000,HEATHROW FUNDING LTD,3.782,2030-09-04 00:00:00,98.760349,4.128073080577521,BBB+,2026-10-08,2026-10-09
87971MCB7,1000000,TELUS CORP,5.6,2030-09-09 00:00:00,105.351027,4.107067176058599,BBB-,2026-10-08,2026-10-09
021374AC7,1000000,ALTALINK LP,1.509,2030-09-11 00:00:00,92.638068,3.533801775902368,A-,2026-10-08,2026-10-09
24477TAA8,1000000,DEFINITY FINANCIAL CORP,3.709,2030-09-12 00:00:00,98.548794,4.112208776164894,N.A.,2026-10-08,2026-10-09
136681AG8,945000,CANADIAN TIRE CORP LTD,5.372,2030-09-16 00:00:00,104.587082,4.098342020500056,BBB,2026-10-08,2026-10-09
04686PAH0,1000000,ATHENE GLOBAL FUNDING,4.699,2030-09-17 00:00:00,100.83758,4.464182111728543,A+,2026-10-08,2026-10-09
26154EAJ7,500000,DREAM SUMMIT INDUSTRIAL,4.173,2030-09-18 00:00:00,99.671517,4.263752506784546,N.A.,2026-10-08,2026-10-09
37638ZBY9,500000,GLACIER CREDIT CARD TRST,3.908,2030-09-20 00:00:00,99.765712,3.972196219653878,AAA,2026-10-08,2026-10-09
775109CW9,1000000,ROGERS COMMUNICATIONS IN,5.8,2030-09-21 00:00:00,106.118053,4.106796978192162,BBB-,2026-10-08,2026-10-09
438121BM6,1000000,HONDA CANADA FINANCE INC,3.539,2030-09-23 00:00:00,98.099051,4.063346980404003,N.A.,2026-10-08,2026-10-09
29446NAW0,1000000,EQUITABLE BANK,4.351,2030-09-25 00:00:00,100.66301,4.167405939133872,N.A.,2026-10-08,2026-10-09
01626PAS5,1000000,ALIMENTATION COUCHE-TARD,5.592,2030-09-25 00:00:00,105.410874,4.098708427423348,BBB+,2026-10-08,2026-10-09
06418MM43,2000000,BANK OF NOVA SCOTIA,3.836,2030-09-26 00:00:00,100.029227,3.827680892041418,A-,2026-10-08,2026-10-09
05617NAA1,1000000,BPC GENERATION INFRASTRU,3.795,2030-09-29 00:00:00,98.837183,4.114840201471703,N.A.,2026-10-08,2026-10-09
68327LAF3,1000000, CADILLAC FAIRVIEW PRP TR,4.394,2030-10-01 00:00:00,101.286945,4.040542810901671,N.A.,2026-10-08,2026-10-09
294105AE1,1000000,EPCOR UTILITIES,3.373,2030-10-01 00:00:00,98.055222,3.905079363561659,N.A.,2026-10-08,2026-10-09
ZO6664155,980000,AVIVA PLC,4,2030-10-02 00:00:00,98.728886,4.350804604019332,N.A.,2026-10-08,2026-10-09
871983AA0,1000000,SYSCO CANADA INC,4.25,2030-10-03 00:00:00,100.444286,4.127822286287341,BBB,2026-10-08,2026-10-09
87971MBS1,1000000,TELUS CORP,2.05,2030-10-07 00:00:00,94.06789,3.658705770082382,BBB-,2026-10-08,2026-10-09
74167KAK5,500000,PRIMARIS REAL ESTATE INV,3.845,2030-10-09 00:00:00,98.755048,4.186016232319001,N.A.,2026-10-08,2026-10-09
227107AR0,56000,CROMBIE REAL ESTATE INV,3.211,2030-10-09 00:00:00,96.997392,4.030774282243965,N.A.,2026-10-08,2026-10-09
493271AE0,889000,KEYERA CORP,3.702,2030-10-15 00:00:00,98.800384,4.028093364381902,BBB,2026-10-08,2026-10-09
89119ZAN3,91000,TORONTO HYDRO CORP,1.5,2030-10-15 00:00:00,92.816722,3.42842585408778,A+,2026-10-08,2026-10-09
34967FAA4,1000000,FORTISBC ENERGY INC,3.38,2030-10-16 00:00:00,98.776404,3.710131620781021,N.A.,2026-10-08,2026-10-09
779926DJ0,2000000,ROYAL BANK OF CANADA,4,2030-10-17 00:00:00,100.683417,3.814969232480636,A,2026-10-08,2026-10-09
33564PAH6,1000000,FIRST NATIONAL FINANCIAL,4.891,2030-10-23 00:00:00,101.348442,4.521583078968949,N.A.,2026-10-08,2026-10-09
89116CST5,2000000,TORONTO-DOMINION BANK,4.002,2030-10-31 00:00:00,100.627238,3.833238895128832,A-,2026-10-08,2026-10-09
37045YAP9,1000000,GM FINANCIAL CAD,3.8,2030-11-07 00:00:00,98.910644,4.091814932881532,BBB,2026-10-08,2026-10-09
691915AC6,936000,OXFORD PROPERTIES GROUP,3.602,2030-11-13 00:00:00,98.313397,4.052086056912096,N.A.,2026-10-08,2026-10-09
86721ZAZ2,980000,SUNCOR ENERGY INC,3.55,2030-11-14 00:00:00,98.558445,3.933361774682376,N.A.,2026-10-08,2026-10-09
89347ZAE7,225000,TRANSALTA CORP,6.9,2030-11-15 00:00:00,107.625001,4.827499857680384,BB+,2026-10-08,2026-10-09
918423BN3,1000000,VW CREDIT CANADA INC,3.81,2030-11-19 00:00:00,98.527574,4.202529279828293,BBB+,2026-10-08,2026-10-09
80310ZAM1,1000000,SAPUTO INC,5.492,2030-11-20 00:00:00,105.48063,4.032517598511176,N.A.,2026-10-08,2026-10-09
375916AE3,490000,GILDAN ACTIVEWEAR INC,4.149,2030-11-22 00:00:00,100.363053,4.051459577489935,BBB-,2026-10-08,2026-10-09
92938WAB9,6000,WSP GLOBAL INC,5.548,2030-11-22 00:00:00,105.392067,4.111243553125621,N.A.,2026-10-08,2026-10-09
02138ZAX1,1000000,ALTAGAS LTD,2.477,2030-11-30 00:00:00,94.577295,3.906395482346103,BBB-,2026-10-08,2026-10-09
60359AAB4,1000000,MINI MALL STORG PRP TRST,4.751,2030-12-01 00:00:00,98.870629,5.054582689623355,N.A.,2026-10-08,2026-10-09
775109CS8,1000000,ROGERS COMMUNICATIONS IN,2.9,2030-12-09 00:00:00,97.144163,3.643741980006898,BBB-,2026-10-08,2026-10-09
89353ZBK3,25000,TRANSCANADA PIPELINES,6.5,2030-12-09 00:00:00,108.134663,4.343824232743621,BBB+,2026-10-08,2026-10-09
13607LF99,2000000,CANADIAN IMPERIAL BANK,3.8,2030-12-10 00:00:00,99.988569,3.801931842615702,A-,2026-10-08,2026-10-09
83179XAM0,1000000,SMARTCENTRES REIT,3.648,2030-12-11 00:00:00,98.117208,4.142627459707104,N.A.,2026-10-08,2026-10-09
25675TAR8,904000,DOLLARAMA INC.,3.85,2030-12-16 00:00:00,99.708199,3.925081465886415,N.A.,2026-10-08,2026-10-09
45823TAB2,980000,INTACT FINANCIAL CORP,1.928,2030-12-16 00:00:00,94.95858,3.223915345488337,N.A.,2026-10-08,2026-10-09
387427AK3,989000,GRANITE REIT HOLDINGS LP,2.378,2030-12-18 00:00:00,94.311941,3.859271135697306,N.A.,2026-10-08,2026-10-09
11291ZAP2,1000000,BROOKFIELD INFRA FIN ULC,3.7,2031-01-06 00:00:00,98.962271,3.966882555992624,BBB+,2026-10-08,2026-10-09
34527ADE7,987000,FORD CREDIT CANADA CO,4.916,2031-01-09 00:00:00,100.52965,4.775003678972367,BBB-,2026-10-08,2026-10-09
42246QAF5,500000,HEATHROW FUNDING LTD,3.661,2031-01-13 00:00:00,98.262629,4.108182394986737,BBB+,2026-10-08,2026-10-09
63306AJG2,1953000,NATIONAL BANK OF CANADA,3.542,2031-01-13 00:00:00,99.09155,3.773614984359575,A-,2026-10-08,2026-10-09
21874FAA3,1000000,COREBRIDGE GLOB FUNDING,3.837,2031-01-15 00:00:00,98.831925,4.137043439117583,A+ *-,2026-10-08,2026-10-09
74340XCD1,500000,PROLOGIS LP,5.25,2031-01-15 00:00:00,104.851695,4.0007349881092,A,2026-10-08,2026-10-09
92660FAM6,500000,VIDEOTRON LTD,3.125,2031-01-15 00:00:00,96.268243,4.085456879675609,BBB-,2026-10-08,2026-10-09
44810ZCF5,1000000,HYDRO ONE INC,1.69,2031-01-16 00:00:00,93.730065,3.274345835900205,A,2026-10-08,2026-10-09
293592AA9,1000000,ENOVA POWER CORP,3.596,2031-01-21 00:00:00,98.809268,3.899331117677041,N.A.,2026-10-08,2026-10-09
559222AW4,1000000,MAGNA INTERNATIONAL INC,4.95,2031-01-31 00:00:00,103.555202,4.04190969093976,A-,2026-10-08,2026-10-09
13638ZET8,920000,CANADIAN NATL RESOURCES,3.75,2031-02-08 00:00:00,99.158537,3.962170774952578,N.A.,2026-10-08,2026-10-09
68214WAW8,1000000,OMERS REALTY CORP,4.96,2031-02-10 00:00:00,104.195358,3.898486638858345,N.A.,2026-10-08,2026-10-09
014443AL9,1000000,ALECTRA INC,1.751,2031-02-11 00:00:00,92.949148,3.515608471623222,A-,2026-10-08,2026-10-09
87262KAF2,980000,TMX GROUP LTD,2.016,2031-02-12 00:00:00,93.806726,3.566817802724187,N.A.,2026-10-08,2026-10-09
89678ZAE6,523000,TRISUMMIT UTILITIES INC,3.71,2031-02-14 00:00:00,98.529329,4.081378388176504,N.A.,2026-10-08,2026-10-09
87971MCF8,1000000,TELUS CORP,4.95,2031-02-18 00:00:00,103.399092,4.089882312893489,BBB-,2026-10-08,2026-10-09
DO4839803,700000,SMARTSTOP OP LP,4.317,2031-02-18 00:00:00,99.972838,4.322727465016496,N.A.,2026-10-08,2026-10-09
37045YAQ7,1000000,GM FINANCIAL CAD,3.75,2031-02-20 00:00:00,98.329671,4.171407204684896,BBB,2026-10-08,2026-10-09
892329CJ0,1000000,TOYOTA CREDIT CANADA INC,3.46,2031-02-24 00:00:00,97.877884,3.992366604850095,A+,2026-10-08,2026-10-09
59162NAN9,1000000,METRO INC,3.469,2031-02-25 00:00:00,97.989588,3.972799536865046,BBB,2026-10-08,2026-10-09
438121BN4,1000000,HONDA CANADA FINANCE INC,3.547,2031-02-25 00:00:00,97.831905,4.091843419477814,N.A.,2026-10-08,2026-10-09
29251ZCK1,985000,ENBRIDGE INC,3.57,2031-02-26 00:00:00,98.076443,4.052598302450883,BBB+,2026-10-08,2026-10-09
17039AAZ9,1000000,CHOICE PROPERTIES REIT,5.03,2031-02-28 00:00:00,103.48871,4.151119220296651,BBB+,2026-10-08,2026-10-09
74167KAH2,500000,PRIMARIS REAL ESTATE INV,4.468,2031-03-01 00:00:00,100.758177,4.276085545763242,N.A.,2026-10-08,2026-10-09
766910BQ5,1000000,RIOCAN REAL ESTATE INVST,5.455,2031-03-01 00:00:00,104.615337,4.291028154991339,N.A.,2026-10-08,2026-10-09
31890BAB9,500000,FIRST CAP REALTY INC,5.572,2031-03-01 00:00:00,105.373349,4.219313577528561,N.A.,2026-10-08,2026-10-09
303901BG6,995000,FAIRFAX FINL HLDGS LTD,3.95,2031-03-03 00:00:00,99.770983,4.006488454196488,A-,2026-10-08,2026-10-09
55279QAG5,943000,MCAP COMMERCIAL LP,4.299,2031-03-04 00:00:00,98.685591,4.631268339434969,N.A.,2026-10-08,2026-10-09
786688AA9,992000,SAGEN MI CANADA INC,3.261,2031-03-05 00:00:00,96.291498,4.190368631527686,BBB+,2026-10-08,2026-10-09
89156VAD8,1000000,TOURMALINE OIL CORP,3.934,2031-03-16 00:00:00,99.667512,4.016003034399351,N.A.,2026-10-08,2026-10-09
89679AAB6,1000000,TRISURA GROUP LTD,4.015,2031-03-17 00:00:00,99.001119,4.263679917870067,N.A.,2026-10-08,2026-10-09
07813ZCG7,1000000,BELL CANADA,3,2031-03-17 00:00:00,96.736457,3.805136334085701,BBB,2026-10-08,2026-10-09
00889YAH4,1000000,AIMCO REALTY INVESTORS,4.395,2031-03-22 00:00:00,101.113931,4.118361042905661,N.A.,2026-10-08,2026-10-09
65344UAB7,581000,NEXUS INDUSTRIAL REIT,4.641,2031-04-14 00:00:00,100.576325,4.498363587641863,N.A.,2026-10-08,2026-10-09
30224TAF0,989000,EXTENDICARE INC,4.345,2031-04-14 00:00:00,99.86521,4.378032344357474,N.A.,2026-10-08,2026-10-09
669816AH3,1210000,NOVA SCOTIA POWER INC,3.947,2031-04-17 00:00:00,99.295018,4.119145396734258,BBB-,2026-10-08,2026-10-09
691915AD4,1000000,OXFORD PROPERTIES GROUP,3.938,2031-04-20 00:00:00,99.134422,4.149143698349467,N.A.,2026-10-08,2026-10-09
26153WAN9,282000,DREAM INDUSTRIAL REIT,4.15,2031-04-22 00:00:00,99.390391,4.298907030023158,N.A.,2026-10-08,2026-10-09
65339KDA5,1000000,NEXTERA ENERGY CAPITAL,4.85,2031-04-30 00:00:00,103.068991,4.104547394138769,BBB+,2026-10-08,2026-10-09
46152HAD3,250000,IGM FINANCIAL INC,7.45,2031-05-09 00:00:00,113.548568,4.17265254091379,A,2026-10-08,2026-10-09
29251ZCS4,1000000,ENBRIDGE INC,2.82,2031-05-12 00:00:00,95.773778,3.831321041937463,BBB+,2026-10-08,2026-10-09
44932WAN0,1000000,HYUNDAI CAPITAL CANADA,4.004,2031-05-13 00:00:00,99.543719,4.113157573683268,N.A.,2026-10-08,2026-10-09
548243AJ3,57000,LOWER MATTAGAMI ENERGY,2.433,2031-05-14 00:00:00,94.559917,3.730391701260438,N.A.,2026-10-08,2026-10-09
759480AN6,161000,RELIANCE LP,5.25,2031-05-15 00:00:00,104.237793,4.226192760955327,BBB-,2026-10-08,2026-10-09
02079WAG6,1000000,ALPHABET INC,3.65,2031-05-15 00:00:00,98.732172,3.953242049676553,AA+,2026-10-08,2026-10-09
565018DT2,1000000,MANULIFE BANK OF CANADA,3.951,2031-05-20 00:00:00,99.85328,3.985270593474488,A+,2026-10-08,2026-10-09
580135CF6,1000000,MCDONALD'S CORP,4.857,2031-05-21 00:00:00,103.406459,4.040186964062431,BBB+,2026-10-08,2026-10-09
34527ACX6,973000,FORD CREDIT CANADA CO,5.582,2031-05-23 00:00:00,102.908358,4.870548260110552,BBB-,2026-10-08,2026-10-09
13321LAM0,1000000,CAMECO CORPORATION,4.94,2031-05-24 00:00:00,104.030747,3.976684599983726,BBB,2026-10-08,2026-10-09
89116CQ34,2000000,TORONTO-DOMINION BANK,3.842,2031-05-29 00:00:00,99.696226,3.913312047932327,A-,2026-10-08,2026-10-09
09076PAA2,1000000,BIRD CONSTRUCTION INC,4.397,2031-06-01 00:00:00,99.916051,4.415975971578789,N.A.,2026-10-08,2026-10-09
663307AQ9,1000000,NORTH WEST REDWATER PRT/,2.8,2031-06-01 00:00:00,95.271713,3.922158718232738,N.A.,2026-10-08,2026-10-09
12593CBC4,1000000,CPPIB CAPITAL INC,3.2,2031-06-02 00:00:00,98.720647,3.499816871291883,AAA,2026-10-08,2026-10-09
06368MRF3,2000000,BANK OF MONTREAL,3.731,2031-06-03 00:00:00,99.321832,3.890843026675106,N.A.,2026-10-08,2026-10-09
39191ZAC3,13000,GREATER TORONTO AIRPORTS,7.1,2031-06-04 00:00:00,114.279543,3.728887175228679,A+,2026-10-08,2026-10-09
89353ZCH9,1000000,TRANSCANADA PIPELINES,2.97,2031-06-09 00:00:00,96.370551,3.825416860155673,BBB+,2026-10-08,2026-10-09
171239AP1,1000000,CHUBB INA HOLDINGS LLC,3.78,2031-06-10 00:00:00,99.031873,4.008281014815496,A,2026-10-08,2026-10-09
023135DV5,995000,AMAZON.COM INC,3.7,2031-06-12 00:00:00,98.486603,4.057467435732742,AA,2026-10-08,2026-10-09
12532HAP9,1000000,CGI INC,4.484,2031-06-14 00:00:00,100.837679,4.283370541266085,N.A.,2026-10-08,2026-10-09
04764TAA2,992000,ATKINSREALIS GROUP INC,4.411,2031-06-15 00:00:00,100.589512,4.269559502211684,BBB-,2026-10-08,2026-10-09
13607P5X8,2000000,CANADIAN IMPERIAL BANK,3.9,2031-06-20 00:00:00,99.867968,3.929973430976763,A-,2026-10-08,2026-10-09
116705AN4,1000000,BRUCE POWER LP,4.7,2031-06-21 00:00:00,102.475084,4.114333379441137,N.A.,2026-10-08,2026-10-09
74350VAA0,1000000,PROJECT REM SEC,3.541,2031-06-22 00:00:00,98.467718,3.899651697314543,N.A.,2026-10-08,2026-10-09
58769CAE2,980000,MERCEDES-BENZ CA FIN INC,3.75,2031-06-23 00:00:00,98.225759,4.167858597301044,A,2026-10-08,2026-10-09
63306AJW7,2000000,NATIONAL BANK OF CANADA,3.682,2031-06-23 00:00:00,98.99726,3.916295500313249,A-,2026-10-08,2026-10-09
06418YXB9,2000000,BANK OF NOVA SCOTIA,3.734,2031-06-27 00:00:00,99.202446,3.919738612526191,A-,2026-10-08,2026-10-09
19046FAN2,1000000,COASTAL GASLINK PIPELINE,4.907,2031-06-30 00:00:00,103.919354,3.987600198858288,N.A.,2026-10-08,2026-10-09
29410ZAU9,600000,EPCOR UTILITIES,2.411,2031-06-30 00:00:00,94.141967,3.775170339554212,N.A.,2026-10-08,2026-10-09
609207BD6,1000000,MONDELEZ INTERNATIONAL,4.625,2031-07-03 00:00:00,102.259637,4.093953703975584,BBB,2026-10-08,2026-10-09
892329CK7,1000000,TOYOTA CREDIT CANADA INC,3.86,2031-07-14 00:00:00,98.873058,4.121701556889135,A+,2026-10-08,2026-10-09
493271AM2,859000,KEYERA CORP,3.942,2031-07-15 00:00:00,98.965725,4.182289414565976,BBB,2026-10-08,2026-10-09
31430XMW9,2000000,FED CAISSES DESJARDINS,3.714,2031-07-16 00:00:00,98.332189,4.101305972898328,A-,2026-10-08,2026-10-09
34959ZAL6,1000000,FORTISBC ENERGY INC,2.42,2031-07-18 00:00:00,94.776927,3.619819950889736,N.A.,2026-10-08,2026-10-09
779926QX5,2000000,ROYAL BANK OF CANADA,3.985,2031-07-22 00:00:00,100.109762,3.958506815971163,A,2026-10-08,2026-10-09
25675TAT4,1000000,DOLLARAMA INC.,3.94,2031-07-25 00:00:00,99.501536,4.054303108674007,N.A.,2026-10-08,2026-10-09
378272CG1,1000000,GLENCORE FUNDING LLC,4,2031-07-28 00:00:00,99.288819,4.163721435243217,BBB+,2026-10-08,2026-10-09
60359AAE8,18000,MINI MALL STORG PRP TRST,5.034,2031-07-30 00:00:00,99.178887,5.227468952116898,N.A.,2026-10-08,2026-10-09
83179XAS7,1000000,SMARTCENTRES REIT,4.737,2031-08-05 00:00:00,101.202443,4.4559654177313,N.A.,2026-10-08,2026-10-09
318071AK3,1000000,FINNING INTL INC,4.231,2031-08-12 00:00:00,100.274285,4.166825439758903,BBB+,2026-10-08,2026-10-09
87971MCH4,1000000,TELUS CORP,4.65,2031-08-13 00:00:00,102.055441,4.176077442908377,BBB-,2026-10-08,2026-10-09
11282ZAY4,944000,BROOKFIELD RENEWABLE PAR,4.256,2031-08-13 00:00:00,100.340862,4.176530960719282,BBB+,2026-10-08,2026-10-09
30348BAA1,500000,F3 FIBRE CAPITAL,4.372,2031-08-13 00:00:00,100.288517,4.304288903604081,N.A.,2026-10-08,2026-10-09
35085ZBZ8,1000000,407 INTERNATIONAL INC,4.45,2031-08-14 00:00:00,101.836178,4.028409806702338,BBB,2026-10-08,2026-10-09
95041AAH1,1000000,WELLTOWER OP LLC,3.85,2031-08-15 00:00:00,99.09054,4.057418460396378,A-,2026-10-08,2026-10-09
918423BP8,1000000,VW CREDIT CANADA INC,4.33,2031-08-25 00:00:00,99.536239,4.43573441718017,BBB+,2026-10-08,2026-10-09
44932WAP5,1000000,HYUNDAI CAPITAL CANADA,4.161,2031-08-26 00:00:00,99.706274,4.227314108234315,N.A.,2026-10-08,2026-10-09
349553AS6,1000000,FORTIS INC,4.171,2031-09-09 00:00:00,100.791073,3.991685089194363,BBB+,2026-10-08,2026-10-09
89116C3S4,2000000,TORONTO-DOMINION BANK,3.605,2031-09-10 00:00:00,98.535629,3.934605218216869,A-,2026-10-08,2026-10-09
29260ZAE6,1000000,ENBRIDGE GAS INC,2.35,2031-09-15 00:00:00,93.640171,3.773877335493947,A-,2026-10-08,2026-10-09
14046ZAS8,1000000,CAPITAL POWER CORP,4.831,2031-09-16 00:00:00,102.461259,4.272366098862812,BBB-,2026-10-08,2026-10-09
636273AD6,65000,NATL GRID ELECT TRANS,5.221,2031-09-16 00:00:00,104.585333,4.183151674908081,BBB+,2026-10-08,2026-10-09
190330AT7,995000,COAST CAPITAL SV CRE UN,4.792,2031-09-16 00:00:00,100.851737,4.596612614278839,N.A.,2026-10-08,2026-10-09
884903BZ7,1000000,THOMSON REUTERS CORP,4.48,2031-09-17 00:00:00,101.149498,4.219331533525383,A-,2026-10-08,2026-10-09
44810ZCG3,995000,HYDRO ONE INC,2.23,2031-09-17 00:00:00,94.037664,3.55602245019202,A,2026-10-08,2026-10-09
19239CAA4,1000000,COGECO COMMUNICATIONS,2.991,2031-09-22 00:00:00,94.96527,4.124415215446597,BBB-,2026-10-08,2026-10-09
06419FD62,2000000,BANK OF NOVA SCOTIA,4.23,2031-09-24 00:00:00,100.732533,4.065131409563683,A-,2026-10-08,2026-10-09
019456AP7,1000000,ALLIED PROPERTIES REIT,4.667,2031-09-25 00:00:00,98.275901,5.063702118382474,N.A.,2026-10-08,2026-10-09
78669QAE0,400000,SAGICOR FINANCIAL CO,5.503,2031-09-25 00:00:00,101.245142,5.214525079273069,N.A.,2026-10-08,2026-10-09
154728BA6,940000,CENTRAL 1 CREDIT UNION,4.643,2031-10-01 00:00:00,101.469867,4.311706772355062,N.A.,2026-10-08,2026-10-09
766910BR3,927000,RIOCAN REAL ESTATE INVST,4.623,2031-10-03 00:00:00,100.934057,4.412111167480748,N.A.,2026-10-08,2026-10-09
387427AP2,1000000,GRANITE REIT HOLDINGS LP,4.348,2031-10-04 00:00:00,100.248541,4.292016600894111,N.A.,2026-10-08,2026-10-09
03772DAC5,1000000,APOTEX HEALTH CORP,4.769,2031-10-05 00:00:00,101.496088,4.431527211136799,N.A.,2026-10-08,2026-10-09
89119ZAP8,1000000,TORONTO HYDRO CORP,2.47,2031-10-20 00:00:00,94.836959,3.600673075644356,A+,2026-10-08,2026-10-09
63306AJH0,2000000,NATIONAL BANK OF CANADA,3.441,2031-10-21 00:00:00,97.942277,3.894733356240399,A-,2026-10-08,2026-10-09
780086UA0,2000000,ROYAL BANK OF CANADA,2.14,2031-11-03 00:00:00,100.972657,1.937544757422027,A-,2026-10-08,2026-10-09
374825AL1,1000000,GIBSON ENERGY INC,4.45,2031-11-12 00:00:00,101.22966,4.178771143153015,BBB-,2026-10-08,2026-10-09
87971MBV4,1000000,TELUS CORP,2.85,2031-11-13 00:00:00,95.177183,3.901958400457528,BBB-,2026-10-08,2026-10-09
86682ZAP1,1000000,SUN LIFE FINANCIAL INC,2.46,2031-11-18 00:00:00,100.988984,2.253819922085376,A,2026-10-08,2026-10-09
375916AB9,500000,GILDAN ACTIVEWEAR INC,4.711,2031-11-22 00:00:00,102.183587,4.231366180378004,BBB-,2026-10-08,2026-10-09
39138CAB2,179000,GREAT-WEST LIFECO INC,6.74,2031-11-24 00:00:00,111.834708,4.152360349276507,A+,2026-10-08,2026-10-09
45833VAC3,1000000,INTER PIPELINE LTD,3.983,2031-11-25 00:00:00,98.929338,4.216378906476392,N.A.,2026-10-08,2026-10-09
12593CAS0,1000000,CPPIB CAPITAL INC,2.25,2031-12-01 00:00:00,93.846867,3.568665138818727,AAA,2026-10-08,2026-10-09
12593CAR2,1000000,CPPIB CAPITAL INC,2.25,2031-12-01 00:00:00,93.846867,3.568665138818727,AAA,2026-10-08,2026-10-09
126462AL4,21000,CT REAL ESTATE INV TRUST,4.357,2031-12-05 00:00:00,99.788666,4.402118272003386,N.A.,2026-10-08,2026-10-09
779926WF7,1996000,ROYAL BANK OF CANADA,3.572,2031-12-09 00:00:00,98.32487,3.932422756927489,A,2026-10-08,2026-10-09
70632ZAS0,800000,PEMBINA PIPELINE CORP,3.53,2031-12-10 00:00:00,97.603812,4.047260011279907,BBB,2026-10-08,2026-10-09
136385BF7,981000,CANADIAN NATL RESOURCES,4.15,2031-12-15 00:00:00,100.11048,4.125047560810002,N.A.,2026-10-08,2026-10-09
078149DV0,6000,BELL CANADA,7.65,2031-12-30 00:00:00,112.209622,4.966449749441915,BBB-,2026-10-08,2026-10-09
34527ADC1,587000,FORD CREDIT CANADA CO,5.046,2032-01-09 00:00:00,100.417534,4.953061930780467,BBB-,2026-10-08,2026-10-09
89116C7J0,2000000,TORONTO-DOMINION BANK,3.687,2032-01-09 00:00:00,98.490651,4.007535666202799,A-,2026-10-08,2026-10-09
70632ZAV3,1000000,PEMBINA PIPELINE CORP,5.02,2032-01-12 00:00:00,103.388118,4.292247428824347,BBB,2026-10-08,2026-10-09
13607QQT2,2000000,CANADIAN IMPERIAL BANK,3.65,2032-01-13 00:00:00,98.429697,3.982692386553777,A-,2026-10-08,2026-10-09
83179XAV0,1000000,SMARTCENTRES REIT,4.795,2032-01-15 00:00:00,100.94679097,4.589207794804273,N.A.,2026-10-08,2026-10-09
92938WAE3,424000,WSP GLOBAL INC,4.003,2032-01-22 00:00:00,98.530413,4.315685468529717,N.A.,2026-10-08,2026-10-09
89117FPG8,2000000,TORONTO-DOMINION BANK,3.06,2032-01-26 00:00:00,100.992259,2.856349224729349,BBB+,2026-10-08,2026-10-09
06418Y4L9,2000000,BANK OF NOVA SCOTIA,3.616,2032-01-30 00:00:00,98.184057,3.99809015769399,A-,2026-10-08,2026-10-09
836720AB8,1000000,SOUTH BOW CAN INFRA HOLD,4.616,2032-02-01 00:00:00,101.057921,4.389434812606363,BBB-,2026-10-08,2026-10-09
019456AJ1,733000,ALLIED PROPERTIES REIT,3.095,2032-02-06 00:00:00,90.711502,5.107080211605752,N.A.,2026-10-08,2026-10-09
29280XAA5,500000,ENERGIR INC,3.04,2032-02-09 00:00:00,95.125269,4.064546777153644,A,2026-10-08,2026-10-09
74340XCS8,1000000,PROLOGIS LP,3.6,2032-02-15 00:00:00,96.857647,4.261880587833722,A,2026-10-08,2026-10-09
87262KAH8,985000,TMX GROUP LTD,4.836,2032-02-18 00:00:00,103.287528,4.144816782176641,N.A.,2026-10-08,2026-10-09
07813ZAP9,6000,BELL CANADA,7.3,2032-02-23 00:00:00,113.659006,4.41589015470949,BBB,2026-10-08,2026-10-09
45075EAC8,1000000,IA FINANCIAL CORP INC,3.187,2032-02-25 00:00:00,101.025405,2.978892703248248,A-,2026-10-08,2026-10-09
BU6406518,1000000,PSP CAPITAL INC,2.6,2032-03-01 00:00:00,95.154101,3.595318769867517,AAA,2026-10-08,2026-10-09
766910BU6,1000000,RIOCAN REAL ESTATE INVST,4.671,2032-03-01 00:00:00,100.847986,4.491453422239755,N.A.,2026-10-08,2026-10-09
06368MJ21,2000000,BANK OF MONTREAL,3.539,2032-03-03 00:00:00,97.754981,4.004624369433984,N.A.,2026-10-08,2026-10-09
38141GYW8,1000000,GOLDMAN SACHS GROUP INC,3.641,2032-03-05 00:00:00,97.641948,4.131377870669328,BBB+,2026-10-08,2026-10-09
880789AT9,50000,TERANET HOLDINGS LP,4.641,2032-03-07 00:00:00,99.766631,4.689501399530926,BBB-,2026-10-08,2026-10-09
74167KAG4,500000,PRIMARIS REAL ESTATE INV,5.304,2032-03-15 00:00:00,103.548162,4.559054252550854,N.A.,2026-10-08,2026-10-09
349553AT4,1000000,FORTIS INC,4.09,2032-03-26 00:00:00,99.734741,4.144457382959632,BBB+,2026-10-08,2026-10-09
49327ZAC9,1000000,KEYERA CORP,5.022,2032-03-28 00:00:00,103.398941,4.317687531361636,BBB,2026-10-08,2026-10-09
89116WDV2,2000000,TORONTO-DOMINION BANK,3.857,2032-04-07 00:00:00,98.981276,4.065642588203988,A-,2026-10-08,2026-10-09
13607HR79,2000000,CANADIAN IMPERIAL BANK,4.2,2032-04-07 00:00:00,101.467154,3.900866544388992,BBB+,2026-10-08,2026-10-09
775109BV2,1000000,ROGERS COMMUNICATIONS IN,4.25,2032-04-15 00:00:00,99.778322,4.295370904347773,BBB-,2026-10-08,2026-10-09
780086UL6,2000000,ROYAL BANK OF CANADA,2.94,2032-05-03 00:00:00,100.822492,2.779365847084114,A-,2026-10-08,2026-10-09
06415GDJ6,2000000,BANK OF NOVA SCOTIA,3.934,2032-05-03 00:00:00,101.362616,3.660945968082641,BBB+,2026-10-08,2026-10-09
86682ZAM8,1000000,SUN LIFE FINANCIAL INC,2.58,2032-05-10 00:00:00,100.660027,2.452696661692433,A,2026-10-08,2026-10-09
89353ZCK2,976000,TRANSCANADA PIPELINES,5.33,2032-05-12 00:00:00,105.282483,4.258099556633099,BBB+,2026-10-08,2026-10-09
45833VAE9,1000000,INTER PIPELINE LTD,5.849,2032-05-18 00:00:00,106.721571,4.479860416946191,N.A.,2026-10-08,2026-10-09
35085ZBX3,1000000,407 INTERNATIONAL INC,2.59,2032-05-25 00:00:00,94.105419,3.760984193248906,A,2026-10-08,2026-10-09
44810ZAB6,1000000,HYDRO ONE INC,6.93,2032-06-01 00:00:00,113.85298,4.151551311382895,A,2026-10-08,2026-10-09
ZN2347658,500000,Ontario Teachers' Pension Plan,4.45,2032-06-02 00:00:00,103.51582,3.752800164935244,AAA,2026-10-08,2026-10-09
691915AB8,1000000,OXFORD PROPERTIES GROUP,4.386,2032-06-04 00:00:00,100.786916,4.227123627736185,N.A.,2026-10-08,2026-10-09
31890BAC7,500000,FIRST CAP REALTY INC,5.455,2032-06-12 00:00:00,104.636513,4.518590445736614,N.A.,2026-10-08,2026-10-09
83179XAU2,1000000,SMARTCENTRES REIT,4.318,2032-06-12 00:00:00,98.29434,4.662245629226658,N.A.,2026-10-08,2026-10-09
13645RBL7,960000,CANADIAN PACIFIC RAILWAY,4,2032-06-13 00:00:00,99.21088,4.156451067731237,BBB+,2026-10-08,2026-10-09
51925DCC8,1000000,LAURENTIAN BANK OF CDA,5.095,2032-06-15 00:00:00,101.657469,4.75743527484076,BB+ *-,2026-10-08,2026-10-09
649922AA9,1000000,NEW YORK LIFE GLOBAL FDG,4,2032-06-17 00:00:00,98.813322,4.235851770403642,AA+,2026-10-08,2026-10-09
29251ZAK3,44000,ENBRIDGE INC,7.2,2032-06-18 00:00:00,113.259018,4.530121234233486,BBB+,2026-10-08,2026-10-09
13607Q4G4,2000000,CANADIAN IMPERIAL BANK,3.78,2032-06-18 00:00:00,98.486086,4.079745975076388,A-,2026-10-08,2026-10-09
17039AAW6,1000000,CHOICE PROPERTIES REIT,6.003,2032-06-24 00:00:00,107.66424,4.465964488311847,BBB+,2026-10-08,2026-10-09
135110AB0,250000,CANADA LIFE CAP TRUST,7.529,2032-06-30 00:00:00,114.902328,4.542294872263075,A+,2026-10-08,2026-10-09
06368MS39,2000000,BANK OF MONTREAL,3.797,2032-07-09 00:00:00,98.443185,4.10261747010463,N.A.,2026-10-08,2026-10-09
225313AV7,990000,CREDIT AGRICOLE SA,4.033,2032-07-15 00:00:00,97.933903,4.441829457226887,A-,2026-10-08,2026-10-09
57629W7N4,1000000,MASSMUTUAL GLOBAL FUNDIN,4.127,2032-07-15 00:00:00,98.779899,4.367445618293186,AA+,2026-10-08,2026-10-09
68321ZAK7,1000000,ONTARIO POWER GENERATION,4.922,2032-07-19 00:00:00,103.595769,4.213319297810592,BBB+,2026-10-08,2026-10-09
69448TAE1,1000000,PACIFIC LIFE GF II,4.195,2032-07-29 00:00:00,99.360913,4.31956789585255,AA-,2026-10-08,2026-10-09
63306AHF6,2000000,NATIONAL BANK OF CANADA,5.426,2032-08-16 00:00:00,102.580742,4.912186138475794,BBB+,2026-10-08,2026-10-09
29260ZAG1,1000000,ENBRIDGE GAS INC,4.15,2032-08-17 00:00:00,100.032217,4.142914805510789,A-,2026-10-08,2026-10-09
374825AM9,1000000,GIBSON ENERGY INC,4.45,2032-08-20 00:00:00,100.292452,4.391991516610472,BBB-,2026-10-08,2026-10-09
580135CG4,1000000,MCDONALD'S CORP,4.107,2032-08-21 00:00:00,99.251185,4.251692483441194,BBB+,2026-10-08,2026-10-09
31430WRG1,2000000,FED CAISSES DESJARDINS,5.035,2032-08-23 00:00:00,102.282058,4.586426824175249,BBB+,2026-10-08,2026-10-09
44810ZCT5,1000000,HYDRO ONE INC,3.94,2032-08-25 00:00:00,99.40855,4.0533606918707,A,2026-10-08,2026-10-09
31430XFZ0,1934000,FED CAISSES DESJARDINS,4.123,2032-08-25 00:00:00,99.229127,4.27186501486283,A-,2026-10-08,2026-10-09
BY3546367,452000,ANGLIAN WATER SERV FIN,4.525,2032-08-26 00:00:00,97.131143,5.094489240872924,N.A.,2026-10-08,2026-10-09
11291ZAG2,1000000,BROOKFIELD INFRA FIN ULC,2.855,2032-09-01 00:00:00,93.107133,4.185564726791058,BBB+,2026-10-08,2026-10-09
89116WMS9,2000000,TORONTO-DOMINION BANK,4.131,2032-09-11 00:00:00,99.705127,4.18718804108098,A-,2026-10-08,2026-10-09
539481AP6,990000,LOBLAW COS LTD,5.008,2032-09-13 00:00:00,103.836909,4.268285206745204,BBB+,2026-10-08,2026-10-09
89119ZAV5,1000000,TORONTO HYDRO CORP,3.65,2032-09-24 00:00:00,97.77614,4.073694527027816,A+,2026-10-08,2026-10-09
01626PAY2,776000,ALIMENTATION COUCHE-TARD,3.864,2032-09-26 00:00:00,97.611502,4.322170018864591,BBB+,2026-10-08,2026-10-09
05617NAB9,1000000,BPC GENERATION INFRASTRU,4.162,2032-09-29 00:00:00,98.336182,4.48228912702564,N.A.,2026-10-08,2026-10-09
766910BV4,1000000,RIOCAN REAL ESTATE INVST,4.417,2032-10-01 00:00:00,98.936889,4.622309378917566,N.A.,2026-10-08,2026-10-09
14046ZAN9,1000000,CAPITAL POWER CORP,3.147,2032-10-01 00:00:00,93.338795,4.426796340653438,BBB-,2026-10-08,2026-10-09
06368M2P8,2000000,BANK OF MONTREAL,4.408,2032-10-09 00:00:00,100.79139995,4.257182820739591,N.A.,2026-10-08,2026-10-09
37828KAA5,1000000,GLENCORE FINANCE CANADA,4.045,2032-10-10 00:00:00,98.228798,4.383611064025383,BBB+,2026-10-08,2026-10-09
39191ZAF6,129000,GREATER TORONTO AIRPORTS,6.98,2032-10-15 00:00:00,115.290033,4.088399425964018,A+,2026-10-08,2026-10-09
92660FAU8,463000,VIDEOTRON LTD,3.95,2032-10-15 00:00:00,97.447295,4.437766699795609,BBB-,2026-10-08,2026-10-09
33564PAK9,910000,FIRST NATIONAL FINANCIAL,5.443,2032-10-25 00:00:00,101.426911,5.164665208684283,N.A.,2026-10-08,2026-10-09
06369ZCH5,2000000,BANK OF MONTREAL,6.534,2032-10-27 00:00:00,103.979217,5.745401732227662,BBB+,2026-10-08,2026-10-09
29251ZBW6,500000,ENBRIDGE INC,6.1,2032-11-09 00:00:00,108.827075,4.428787613275698,BBB+,2026-10-08,2026-10-09
11282ZAR9,1000000,BROOKFIELD RENEWABLE PAR,5.88,2032-11-09 00:00:00,107.499852,4.458647279924244,BBB+,2026-10-08,2026-10-09
07813ZCK8,1000000,BELL CANADA,5.85,2032-11-10 00:00:00,107.297665,4.4670995864869,BBB,2026-10-08,2026-10-09
87971MBX0,1000000,TELUS CORP,5.25,2032-11-15 00:00:00,104.158593,4.463189050345062,BBB-,2026-10-08,2026-10-09
29447JAA6,1000000,EQUINIX CANADA FIN,4,2032-11-15 00:00:00,96.945027,4.578706367926855,BBB+,2026-10-08,2026-10-09
021374AD5,1000000,ALTALINK LP,4.692,2032-11-28 00:00:00,103.553824,4.031815958949436,A-,2026-10-08,2026-10-09
501073AC4,250000,KRUGER PACKAGING HLD LP,5.75,2032-12-03 00:00:00,101.125001,5.530183957915757,N.A.,2026-10-08,2026-10-09
11271ZAA9,1000000,BROOKFIELD FIN II INC,5.431,2032-12-14 00:00:00,104.966799,4.500505894643303,A-,2026-10-08,2026-10-09
116705AR5,995000,BRUCE POWER LP,4,2032-12-21 00:00:00,97.878115,4.393594300740555,N.A.,2026-10-08,2026-10-09
116705AM6,1000000,BRUCE POWER LP,4.99,2032-12-21 00:00:00,103.150838,4.402710480537375,N.A.,2026-10-08,2026-10-09
136765BV5,2000000,CANADIAN WESTERN BANK,5.937,2032-12-22 00:00:00,103.654524,5.237759992696778,N.A.,2026-10-08,2026-10-09
46152HAE1,242000,IGM FINANCIAL INC,7,2032-12-31 00:00:00,113.612454,4.470098278922374,A,2026-10-08,2026-10-09
89116CWY9,2000000,TORONTO-DOMINION BANK,4.133,2033-01-09 00:00:00,99.513466,4.221355005646843,A-,2026-10-08,2026-10-09
592179KT1,1000000,MET LIFE GLOB FUNDING I,4,2033-01-12 00:00:00,97.958317,4.375341181495274,AA-,2026-10-08,2026-10-09
291839AH1,1000000,EMPIRE LIFE INSURANCE,5.503,2033-01-13 00:00:00,103.250267,4.892692735017001,N.A.,2026-10-08,2026-10-09
14046ZAT6,1000000,CAPITAL POWER CORP,4.231,2033-01-14 00:00:00,98.510889,4.50532337202818,BBB-,2026-10-08,2026-10-09
13607LGL1,2000000,CANADIAN IMPERIAL BANK,5.33,2033-01-20 00:00:00,102.955428,4.778451680229767,BBB+,2026-10-08,2026-10-09
69448TAF8,1000000,PACIFIC LIFE GF II,3.92,2033-01-24 00:00:00,97.51153,4.375684033067251,AA-,2026-10-08,2026-10-09
44810ZCL2,1000000,HYDRO ONE INC,4.16,2033-01-27 00:00:00,99.941126,4.16978575365079,A,2026-10-08,2026-10-09
780086SY1,2000000,ROYAL BANK OF CANADA,1.67,2033-01-28 00:00:00,98.934846,1.84962225099754,A-,2026-10-08,2026-10-09
670018AB6,700000,NOVERCO INC,3.897,2033-01-28 00:00:00,97.328572,4.385698539976546,BBB+,2026-10-08,2026-10-09
780086WK6,2000000,ROYAL BANK OF CANADA,5.01,2033-02-01 00:00:00,102.584929,4.533504281590495,A-,2026-10-08,2026-10-09
59162NAL3,980000,METRO INC,4.657,2033-02-07 00:00:00,101.863678,4.31644238005886,BBB,2026-10-08,2026-10-09
11291ZAL1,965000,BROOKFIELD INFRA FIN ULC,5.98,2033-02-14 00:00:00,107.622305,4.581765771855584,BBB+,2026-10-08,2026-10-09
74340XCP4,1000000,PROLOGIS LP,4.2,2033-02-15 00:00:00,98.904783,4.398609516146323,A,2026-10-08,2026-10-09
19239CAB2,1000000,COGECO COMMUNICATIONS,5.299,2033-02-16 00:00:00,103.491486,4.656903450147021,BBB-,2026-10-08,2026-10-09
45833VAG4,1000000,INTER PIPELINE LTD,6.38,2033-02-17 00:00:00,109.126119,4.70151570045545,N.A.,2026-10-08,2026-10-09
53947ZAT4,49000,LOBLAW COMPANIES LIMITED,6.54,2033-02-17 00:00:00,110.643153,4.589721680134073,BBB+,2026-10-08,2026-10-09
11271ZAB7,1000000,BROOKFIELD FIN II INC,4.388,2033-03-01 00:00:00,99.489912,4.479867341484689,A-,2026-10-08,2026-10-09
17039AAX4,1000000,CHOICE PROPERTIES REIT,5.4,2033-03-01 00:00:00,104.631697,4.556353727367601,BBB+,2026-10-08,2026-10-09
46152HAG6,250000,IGM FINANCIAL INC,7.11,2033-03-07 00:00:00,114.545291,4.475254062287948,A,2026-10-08,2026-10-09
56501RAQ9,1000000,MANULIFE FINANCIAL CORP,5.409,2033-03-10 00:00:00,103.261303,4.811914578179288,A-,2026-10-08,2026-10-09
766910BW2,1000000,RIOCAN REAL ESTATE INVST,4.308,2033-03-11 00:00:00,97.697666,4.72708962944639,N.A.,2026-10-08,2026-10-09
73927CAB6,250000,POWER FINANCIAL CORP,6.9,2033-03-11 00:00:00,112.939861,4.553611448333528,A+,2026-10-08,2026-10-09
07813ZCT9,1000000,BELL CANADA,4.3,2033-03-14 00:00:00,98.836574,4.50985445103782,BBB,2026-10-08,2026-10-09
04764TAB0,1000000,ATKINSREALIS GROUP INC,4.756,2033-03-15 00:00:00,100.684793,4.631199134702801,BBB-,2026-10-08,2026-10-09
15135UAZ2,1000000,CENOVUS ENERGY INC,4.25,2033-03-20 00:00:00,99.266061,4.381483503383365,BBB,2026-10-08,2026-10-09
39138CAD8,250000,GREAT-WEST LIFECO INC,6.67,2033-03-21 00:00:00,113.25405,4.295871108177995,A+,2026-10-08,2026-10-09
87971MCA9,1000000,TELUS CORP,4.95,2033-03-28 00:00:00,102.647092,4.474162929566705,BBB-,2026-10-08,2026-10-09
07813ZCW2,1000000,BELL CANADA,4.4,2033-03-30 00:00:00,99.378691,4.511493432932157,BBB,2026-10-08,2026-10-09
42246QAG3,500000,HEATHROW FUNDING LTD,3.726,2033-04-13 00:00:00,95.949817,4.44898518519421,BBB+,2026-10-08,2026-10-09
493271AG5,924000,KEYERA CORP,4.204,2033-04-15 00:00:00,98.280136,4.511299716347428,BBB,2026-10-08,2026-10-09
759480AQ9,500000,RELIANCE LP,4.149,2033-04-18 00:00:00,97.69721,4.56066658678973,BBB-,2026-10-08,2026-10-09
13607LKJ1,2000000,CANADIAN IMPERIAL BANK,5.35,2033-04-20 00:00:00,103.148706,4.782758366602979,BBB+,2026-10-08,2026-10-09
190330AN0,742000,COAST CAPITAL SV CRE UN,8.875,2033-05-02 00:00:00,106.995378,7.504600294653652,N.A.,2026-10-08,2026-10-09
649922AB7,1000000,NEW YORK LIFE GLOBAL FDG,4.2,2033-05-09 00:00:00,98.951464,4.384422757134465,AA+,2026-10-08,2026-10-09
136375DE9,988000,CANADIAN NATL RAILWAY,4.4,2033-05-10 00:00:00,100.696838,4.276929604257407,A-,2026-10-08,2026-10-09
02079WAA9,1000000,ALPHABET INC,4,2033-05-15 00:00:00,98.373484,4.284808869197909,AA+,2026-10-08,2026-10-09
29251ZBZ9,1000000,ENBRIDGE INC,5.36,2033-05-26 00:00:00,105.092144,4.463581809070072,BBB+,2026-10-08,2026-10-09
35085ZBP0,988000,407 INTERNATIONAL INC,3.43,2033-06-01 00:00:00,96.418707,4.049280303354474,A,2026-10-08,2026-10-09
663307AJ5,1000000,NORTH WEST REDWATER PRT/,4.15,2033-06-01 00:00:00,99.019832,4.320403288225561,N.A.,2026-10-08,2026-10-09
ZJ0549783,1000000,PSP CAPITAL INC,4.15,2033-06-01 00:00:00,101.764397,3.845967966777697,AAA,2026-10-08,2026-10-09
110610AA0,1000000,BRITISH COL INV,4.9,2033-06-02 00:00:00,106.102997,3.850194020316411,AA+,2026-10-08,2026-10-09
592179KQ7,1000000,MET LIFE GLOB FUNDING I,4.149,2033-06-06 00:00:00,98.392714,4.429408638480692,AA-,2026-10-08,2026-10-09
171239AQ9,1000000,CHUBB INA HOLDINGS LLC,4.034,2033-06-10 00:00:00,98.3210328,4.325538902229042,A,2026-10-08,2026-10-09
023135DW3,1000000,AMAZON.COM INC,4,2033-06-12 00:00:00,97.594817,4.419000939602635,AA,2026-10-08,2026-10-09
31890BAE3,500000,FIRST CAP REALTY INC,4.832,2033-06-13 00:00:00,101.134293,4.631519007460727,N.A.,2026-10-08,2026-10-09
89119ZAS2,1000000,TORONTO HYDRO CORP,4.61,2033-06-14 00:00:00,102.460107,4.183267242491895,A+,2026-10-08,2026-10-09
45075EAE4,1000000,IA FINANCIAL CORP INC,5.685,2033-06-20 00:00:00,104.065483,4.96278902481222,A-,2026-10-08,2026-10-09
116705AG9,1000000,BRUCE POWER LP,4.132,2033-06-21 00:00:00,98.000893,4.47963217725531,N.A.,2026-10-08,2026-10-09
74350VAB8,1000000,PROJECT REM SEC,3.799,2033-06-22 00:00:00,97.723674,4.191133090401267,N.A.,2026-10-08,2026-10-09
74167KAJ8,500000,PRIMARIS REAL ESTATE INV,4.835,2033-06-25 00:00:00,100.359089,4.770631367196088,N.A.,2026-10-08,2026-10-09
70632ZAY7,1000000,PEMBINA PIPELINE CORP,5.22,2033-06-28 00:00:00,104.111163,4.503055792289312,BBB,2026-10-08,2026-10-09
227107AW9,451000,CROMBIE REAL ESTATE INV,4.518,2033-07-06 00:00:00,98.725708,4.739796484477599,N.A.,2026-10-08,2026-10-09
608930AA1,911000,MOLSON COORS INTL LP,4.3,2033-07-08 00:00:00,98.826766,4.502457102788582,BBB,2026-10-08,2026-10-09
37482ZAF8,1000000,GIBSON ENERGY INC,5.75,2033-07-12 00:00:00,106.672405,4.58946042786279,BBB-,2026-10-08,2026-10-09
94107TAB7,1000000,WASTE MANAGEMENT OF CANA,3.944,2033-07-15 00:00:00,98.306724,4.233442748471883,A-,2026-10-08,2026-10-09
06415GM98,2000000,BANK OF NOVA SCOTIA,5.679,2033-08-02 00:00:00,103.924891,4.991330082664613,BBB+,2026-10-08,2026-10-09
33749WAB2,2000000,FIRST WEST CREDIT UNION,9.186,2033-08-09 00:00:00,109.046039,7.468909035596849,N.A.,2026-10-08,2026-10-09
95041AAJ7,750000,WELLTOWER OP LLC,4.15,2033-08-15 00:00:00,98.500949,4.404994290228559,A-,2026-10-08,2026-10-09
89679ZAA3,500000,TRISUMMIT UTILITIES INC,4.44,2033-08-26 00:00:00,99.498227,4.524896817299306,N.A.,2026-10-08,2026-10-09
57629TCE5,1000000,MASSMUTUAL GLOBAL FUNDIN,4.497,2033-09-01 00:00:00,99.711498,4.545494893102942,N.A.,2026-10-08,2026-10-09
94106BAL5,475000,WASTE CONNECTIONS INC,4.2,2033-09-04 00:00:00,99.068634,4.357037704038347,BBB+,2026-10-08,2026-10-09
06369ZCJ1,2000000,BANK OF MONTREAL,6.034,2033-09-07 00:00:00,104.644517,5.224075000949768,BBB+,2026-10-08,2026-10-09
87971MCC5,1000000,TELUS CORP,5.75,2033-09-08 00:00:00,106.734724,4.601385263071855,BBB-,2026-10-08,2026-10-09
74463AAA0,1000000,PS CANADA FINANCE ULC,4.54,2033-09-16 00:00:00,100.485337,4.457464331731908,A,2026-10-08,2026-10-09
29251ZBU0,1000000,ENBRIDGE INC,3.1,2033-09-21 00:00:00,93.016968,4.271189235080564,BBB+,2026-10-08,2026-10-09
775109DA6,1000000,ROGERS COMMUNICATIONS IN,5.9,2033-09-21 00:00:00,107.497721,4.626148944657626,BBB-,2026-10-08,2026-10-09
786688AF8,1000000,SAGEN MI CANADA INC,4.947,2033-09-22 00:00:00,101.862172,4.63041444407708,A-,2026-10-08,2026-10-09
87262KAM7,1000000,TMX GROUP LTD,4.571,2033-09-22 00:00:00,100.844101,4.428332960965675,N.A.,2026-10-08,2026-10-09
17039ABD7,1000000,CHOICE PROPERTIES REIT,4.836,2033-09-22 00:00:00,101.166928,4.637427722527954,BBB+,2026-10-08,2026-10-09
68327LAE6,1000000, CADILLAC FAIRVIEW PRP TR,4.727,2033-10-01 00:00:00,101.175278,4.5285812145891,N.A.,2026-10-08,2026-10-09
03772DAB7,1000000,APOTEX HEALTH CORP,5.133,2033-10-05 00:00:00,101.610082,4.858549279708479,N.A.,2026-10-08,2026-10-09
29260ZAJ5,1000000,ENBRIDGE GAS INC,5.7,2033-10-06 00:00:00,108.056014,4.351628748468905,A-,2026-10-08,2026-10-09
13645RBV5,1000000,CANADIAN PACIFIC RR CO,4.6,2033-10-15 00:00:00,101.194164,4.400242067687432,BBB+,2026-10-08,2026-10-09
11282ZAS7,933000,BROOKFIELD RENEWABLE PAR,5.292,2033-10-28 00:00:00,104.25664,4.578622746962213,BBB+,2026-10-08,2026-10-09
349553AR8,1000000,FORTIS INC,5.677,2033-11-08 00:00:00,107.422498,4.443476226423315,BBB+,2026-10-08,2026-10-09
86682ZAQ9,1000000,SUN LIFE FINANCIAL INC,2.8,2033-11-21 00:00:00,98.791782,2.989366432021279,A,2026-10-08,2026-10-09
44810ZCW8,998000,HYDRO ONE INC,3.9,2033-11-21 00:00:00,97.657078,4.284689831905086,A,2026-10-08,2026-10-09
29290ZAC4,250000,ENBRIDGE GAS INC,6.16,2033-12-16 00:00:00,110.275641,4.471429369273694,A-,2026-10-08,2026-10-09
374825AN7,1000000,GIBSON ENERGY INC,4.45,2034-01-09 00:00:00,98.49799,4.695697457973291,BBB-,2026-10-08,2026-10-09
70632ZAW1,985000,PEMBINA PIPELINE CORP,5.21,2034-01-12 00:00:00,103.75936,4.59402230149808,BBB,2026-10-08,2026-10-09
13607LYA5,2000000,CANADIAN IMPERIAL BANK,5.3,2034-01-16 00:00:00,103.485883,4.726684792785041,BBB+,2026-10-08,2026-10-09
14046ZAR0,1000000,CAPITAL POWER CORP,5.973,2034-01-25 00:00:00,107.556904,4.73462083841556,BBB-,2026-10-08,2026-10-09
136765BX1,2000000,CANADIAN WESTERN BANK,5.949,2034-01-29 00:00:00,104.991847,5.120021544338349,N.A.,2026-10-08,2026-10-09
44810ZAD2,1000000,HYDRO ONE INC,6.35,2034-01-31 00:00:00,112.001022,4.410775650526122,A,2026-10-08,2026-10-09
39191ZAJ8,33000,GREATER TORONTO AIRPORTS,6.47,2034-02-02 00:00:00,114.208784,4.193826335786421,A+,2026-10-08,2026-10-09
45833VAJ8,1000000,INTER PIPELINE LTD,6.59,2034-02-09 00:00:00,110.686246,4.840787364014676,N.A.,2026-10-08,2026-10-09
31890BAF0,495000,FIRST CAP REAL ESTATE,4.461,2034-02-15 00:00:00,98.116386,4.766796415789432,N.A.,2026-10-08,2026-10-09
63309ZNM6,2000000,NATIONAL BANK OF CANADA,5.279,2034-02-15 00:00:00,103.46487,4.714892612182697,BBB+,2026-10-08,2026-10-09
87971MCG6,1000000,TELUS CORP,5.1,2034-02-15 00:00:00,102.89294,4.63033500059471,BBB-,2026-10-08,2026-10-09
87262KAJ4,1000000,TMX GROUP LTD,4.97,2034-02-16 00:00:00,103.084393,4.472411707275348,N.A.,2026-10-08,2026-10-09
56501RAS5,998000,MANULIFE FINANCIAL CORP,5.054,2034-02-23 00:00:00,103.278904,4.525277011833206,A-,2026-10-08,2026-10-09
13668ZAL2,7000,CANADIAN TIRE CORP LTD,6.57,2034-02-24 00:00:00,108.902239,5.105465101729512,BBB,2026-10-08,2026-10-09
17039AAY2,1000000,CHOICE PROPERTIES REIT,5.699,2034-02-28 00:00:00,106.212778,4.693283105421897,BBB+,2026-10-08,2026-10-09
44810ZCR9,950000,HYDRO ONE INC,4.39,2034-03-01 00:00:00,100.295433,4.342269132847387,A,2026-10-08,2026-10-09
02138ZBJ1,1000000,ALTAGAS LTD,5.141,2034-03-14 00:00:00,103.466288,4.584928286361367,BBB-,2026-10-08,2026-10-09
7800863G7,2000000,ROYAL BANK OF CANADA,5.096,2034-04-03 00:00:00,103.150705,4.593736765435641,A-,2026-10-08,2026-10-09
89116CFF9,2000000,TORONTO-DOMINION BANK,5.177,2034-04-09 00:00:00,103.307659,4.649699272200869,BBB+,2026-10-08,2026-10-09
11291ZAH0,991000,BROOKFIELD INFRA FIN ULC,5.439,2034-04-25 00:00:00,104.916984,4.658314561752053,BBB+,2026-10-08,2026-10-09
06419FSG4,1943000,BANK OF NOVA SCOTIA,4.085,2034-05-01 00:00:00,97.98087,4.40129466984589,A-,2026-10-08,2026-10-09
74340XCT6,1000000,PROLOGIS LP,4.2,2034-05-15 00:00:00,97.696251,4.561364244390576,A,2026-10-08,2026-10-09
31430WU44,2000000,FED CAISSES DESJARDINS,5.279,2034-05-15 00:00:00,103.565722,4.714712789524511,BBB+,2026-10-08,2026-10-09
45823TAP1,1000000,INTACT FINANCIAL CORP,4.653,2034-05-16 00:00:00,102.805339,4.217380983773888,N.A.,2026-10-08,2026-10-09
268317BC7,1000000,ELECTRICITE DE FRANCE SA,5.379,2034-05-17 00:00:00,103.65779,4.798628249486003,BBB+,2026-10-08,2026-10-09
00889YAG6,1000000,AIMCO REALTY INVESTORS,4.97,2034-05-23 00:00:00,102.642165,4.5551170819363,N.A.,2026-10-08,2026-10-09
663307AS5,1000000,NORTH WEST REDWATER PRT/,4.85,2034-06-01 00:00:00,102.463815,4.465278445206677,N.A.,2026-10-08,2026-10-09
12593CAY7,1000000,CPPIB CAPITAL INC,4.3,2034-06-02 00:00:00,102.205783,3.962265250105346,AAA,2026-10-08,2026-10-09
53947ZAU1,41000,LOBLAW COS LTD,6.05,2034-06-09 00:00:00,108.57515,4.703921042652426,BBB+,2026-10-08,2026-10-09
13607PBA1,2000000,CANADIAN IMPERIAL BANK,4.9,2034-06-12 00:00:00,102.683691,4.482035572610177,BBB+,2026-10-08,2026-10-09
014443AN5,500000,ALECTRA INC,4.627,2034-06-13 00:00:00,101.768054,4.352812541402939,A-,2026-10-08,2026-10-09
06368MT20,1943000,BANK OF MONTREAL,4.166,2034-06-15 00:00:00,98.312699,4.426565390692372,N.A.,2026-10-08,2026-10-09
92340VAC1,500000,VEREN INC,5.503,2034-06-21 00:00:00,105.332181,4.669602994058297,N.A.,2026-10-08,2026-10-09
68321ZAL5,1000000,ONTARIO POWER GENERATION,4.831,2034-06-28 00:00:00,102.167076,4.494689332637258,BBB+,2026-10-08,2026-10-09
06369ZCK8,2000000,BANK OF MONTREAL,4.976,2034-07-03 00:00:00,102.886674,4.528462012498591,BBB+,2026-10-08,2026-10-09
92660FAS3,500000,VIDEOTRON LTD,5,2034-07-15 00:00:00,101.908424,4.70278815434082,BBB-,2026-10-08,2026-10-09
06418MQT4,2000000,BANK OF NOVA SCOTIA,4.95,2034-08-01 00:00:00,102.79045,4.521191860229323,BBB+,2026-10-08,2026-10-09
7800867G3,2000000,ROYAL BANK OF CANADA,4.829,2034-08-08 00:00:00,102.509181,4.445307834689127,A-,2026-10-08,2026-10-09
86682ZAS5,1000000,SUN LIFE FINANCIAL INC,4.78,2034-08-10 00:00:00,102.837772,4.348098748660623,A,2026-10-08,2026-10-09
459200MB4,1000000,IBM CORP,4.75,2034-08-15 00:00:00,99.872625,4.768743011651044,A-,2026-10-08,2026-10-09
29251ZCD7,939000,ENBRIDGE INC,4.73,2034-08-22 00:00:00,100.449793,4.660295455964136,BBB+,2026-10-08,2026-10-09
07813ZCR3,1000000,BELL CANADA,5.15,2034-08-24 00:00:00,102.676126,4.738141208834779,BBB,2026-10-08,2026-10-09
92938WAD5,333000,WSP GLOBAL INC,4.754,2034-09-12 00:00:00,99.891842,4.770018535872933,N.A.,2026-10-08,2026-10-09
89119ZAU7,1000000,TORONTO HYDRO CORP,3.99,2034-09-26 00:00:00,97.785001,4.321393980863575,A+,2026-10-08,2026-10-09
19046FAP7,1000000,COASTAL GASLINK PIPELINE,5.187,2034-09-30 00:00:00,104.315384,4.536087278403955,N.A.,2026-10-08,2026-10-09
871983AB8,1000000,SYSCO CANADA INC,4.8,2034-10-03 00:00:00,100.186267,4.771562739690594,BBB,2026-10-08,2026-10-09
11282ZAU2,1000000,BROOKFIELD RENEWABLE PAR,4.959,2034-10-20 00:00:00,101.677217,4.70557644323375,BBB+,2026-10-08,2026-10-09
014443AQ8,500000,ALECTRA INC,4.309,2034-10-30 00:00:00,99.475874,4.386533461593012,A-,2026-10-08,2026-10-09
303901BT8,881000,FAIRFAX FINL HLDGS LTD,4.73,2034-11-22 00:00:00,99.692322,4.775371041124932,A-,2026-10-08,2026-10-09
45075EAG9,1000000,IA FINANCIAL CORP INC,4.131,2034-12-05 00:00:00,100.757979,4.020455934909539,A-,2026-10-08,2026-10-09
56501RAT3,1000000,MANULIFE FINANCIAL CORP,4.064,2034-12-06 00:00:00,100.502974,3.990547578448811,A-,2026-10-08,2026-10-09
116705AQ7,1000000,BRUCE POWER LP,4.27,2034-12-21 00:00:00,97.195555,4.684861118575134,N.A.,2026-10-08,2026-10-09
44810ZCS7,988000,HYDRO ONE INC,4.25,2035-01-04 00:00:00,98.589558,4.455551753292775,A,2026-10-08,2026-10-09
31430W7J7,2000000,FED CAISSES DESJARDINS,4.264,2035-01-24 00:00:00,100.605708,4.176069287902018,BBB+,2026-10-08,2026-10-09
670018AA8,500000,NOVERCO INC,4.568,2035-01-28 00:00:00,99.242028,4.678277643886886,BBB+,2026-10-08,2026-10-09
53947ZAX5,54000,LOBLAW COS LTD,6.15,2035-01-29 00:00:00,108.967091,4.825686357095438,BBB+,2026-10-08,2026-10-09
448975AE2,1000000,HYDRO OTTAWA HOLDING INC,4.372,2035-01-30 00:00:00,99.187177,4.489442531579679,N.A.,2026-10-08,2026-10-09
89116CMX2,2000000,TORONTO-DOMINION BANK,4.231,2035-02-01 00:00:00,100.533268,4.153773478879841,BBB+,2026-10-08,2026-10-09
836720AC6,1000000,SOUTH BOW CAN INFRA HOLD,4.933,2035-02-01 00:00:00,100.313669,4.885621565371268,BBB-,2026-10-08,2026-10-09
779926HR8,1977000,ROYAL BANK OF CANADA,4.279,2035-02-04 00:00:00,100.709794,4.176441193757285,A,2026-10-08,2026-10-09
19239CAD8,927000,COGECO COMMUNICATIONS,4.743,2035-02-06 00:00:00,98.485993,4.966206211142699,BBB-,2026-10-08,2026-10-09
31890BAG8,500000,FIRST CAP REALTY INC,4.76,2035-02-15 00:00:00,98.927314,4.917257562198984,N.A.,2026-10-08,2026-10-09
63309ZNN4,2000000,NATIONAL BANK OF CANADA,4.26,2035-02-15 00:00:00,100.526046,4.184077079856174,BBB+,2026-10-08,2026-10-09
89353ZCQ9,1000000,TRANSCANADA PIPELINES,4.575,2035-02-20 00:00:00,99.077969,4.708848861941317,BBB+,2026-10-08,2026-10-09
29251ZCH8,1000000,ENBRIDGE INC,4.56,2035-02-25 00:00:00,98.838934,4.728709674456932,BBB+,2026-10-08,2026-10-09
88078ZAC8,90000,FORTISBC ENERGY INC,5.9,2035-02-26 00:00:00,108.181105,4.706753844451828,N.A.,2026-10-08,2026-10-09
06369ZCL6,1050000,BANK OF MONTREAL,4.077,2035-03-05 00:00:00,99.919483,4.087976908794144,BBB+,2026-10-08,2026-10-09
68321ZAN1,1000000,ONTARIO POWER GENERATION,4.319,2035-03-13 00:00:00,98.05493,4.599511207002727,BBB+,2026-10-08,2026-10-09
07813ZAT1,985000,BELL CANADA,6.1,2035-03-16 00:00:00,107.951013,4.936039240068246,BBB,2026-10-08,2026-10-09
13607PG57,2000000,CANADIAN IMPERIAL BANK,4.15,2035-04-02 00:00:00,100.006447,4.14899522772918,BBB+,2026-10-08,2026-10-09
42246QAL2,500000,HEATHROW FUNDING LTD,4.645,2035-04-14 00:00:00,99.224742,4.756649445503647,BBB+,2026-10-08,2026-10-09
56501RAJ5,994000,MANULIFE FINANCIAL CORP,2.818,2035-05-13 00:00:00,96.522553,3.285312516605488,A-,2026-10-08,2026-10-09
29447JAC2,1000000,EQUINIX CANADA FIN,4.75,2035-05-15 00:00:00,98.29414,4.995667004591531,BBB+,2026-10-08,2026-10-09
56501RAU0,1000000,MANULIFE FINANCIAL CORP,3.983,2035-05-23 00:00:00,99.906455,3.99541735692972,A-,2026-10-08,2026-10-09
663307AM8,1000000,NORTH WEST REDWATER PRT/,3.65,2035-06-01 00:00:00,93.158164,4.618020718972882,N.A.,2026-10-08,2026-10-09
110610AD4,1000000,BRITISH COL INV,4,2035-06-02 00:00:00,99.043043,4.132103979816759,AA+,2026-10-08,2026-10-09
172967QC8,1000000,CITIGROUP INC,4.55,2035-06-03 00:00:00,100.860058,4.428521660130635,BBB,2026-10-08,2026-10-09
136375DU3,980000,CANADIAN NATL RAILWAY,4.2,2035-06-10 00:00:00,97.381411,4.56834271261759,A-,2026-10-08,2026-10-09
65339KDT4,1000000,NEXTERA ENERGY CAPITAL,4.67,2035-06-12 00:00:00,99.021205,4.808385801642134,BBB+,2026-10-08,2026-10-09
10549PAJ0,1000000,BROOKFIELD ASSET MAN INC,5.95,2035-06-14 00:00:00,107.672537,4.855355586589716,A-,2026-10-08,2026-10-09
539481AU5,938000,LOBLAW COS LTD,4.387,2035-06-16 00:00:00,97.7953,4.698133247372982,BBB+,2026-10-08,2026-10-09
136717BE4,500000,CANADIAN UTILITIES LTD,4.412,2035-06-24 00:00:00,98.588991,4.609656328301859,N.A.,2026-10-08,2026-10-09
779926NA8,2000000,ROYAL BANK OF CANADA,4.214,2035-07-03 00:00:00,100.120855,4.19658082383354,A-,2026-10-08,2026-10-09
86682ZAT3,1000000,SUN LIFE FINANCIAL INC,5.5,2035-07-04 00:00:00,105.095604,4.778733574473537,A,2026-10-08,2026-10-09
17039ABB1,943000,CHOICE PROPERTIES REIT,4.628,2035-08-08 00:00:00,97.99947,4.908943004792055,BBB+,2026-10-08,2026-10-09
303901BZ4,1000000,FAIRFAX FINL HLDGS LTD,4.45,2035-08-14 00:00:00,97.013845,4.868535232148097,A-,2026-10-08,2026-10-09
63309ZNP9,2000000,NATIONAL BANK OF CANADA,4.333,2035-08-15 00:00:00,100.443744,4.271628676191397,BBB+,2026-10-08,2026-10-09
44810ZCU2,1000000,HYDRO ONE INC,4.3,2035-08-24 00:00:00,98.173153,4.5518343877194,A,2026-10-08,2026-10-09
05573CAA7,1000000,BNP PARIBAS,4.487,2035-09-03 00:00:00,99.462244,4.560623610097569,BBB+,2026-10-08,2026-10-09
13668ZAN8,12000,CANADIAN TIRE CORP LTD,5.61,2035-09-04 00:00:00,102.659019,5.231895181810775,BBB,2026-10-08,2026-10-09
24477TAB6,1000000,DEFINITY FINANCIAL CORP,4.393,2035-09-12 00:00:00,97.20919,4.78024218303823,N.A.,2026-10-08,2026-10-09
29260ZAM8,1000000,ENBRIDGE GAS INC,4.16,2035-09-12 00:00:00,96.868263,4.591115329293616,A-,2026-10-08,2026-10-09
007863AE3,250000,AEROPORTS DE MONTREAL,5.17,2035-09-17 00:00:00,106.243303,4.320459972336832,N.A.,2026-10-08,2026-10-09
04686PAG2,1000000,ATHENE GLOBAL FUNDING,4.609,2035-09-19 00:00:00,95.562217,5.236158143506286,A+,2026-10-08,2026-10-09
11291ZAQ0,943000,BROOKFIELD INFRA FIN ULC,4.526,2035-09-24 00:00:00,97.731554,4.840736338309104,BBB+,2026-10-08,2026-10-09
05617NAC7,1000000,BPC GENERATION INFRASTRU,4.613,2035-09-29 00:00:00,97.439939,4.969854934319229,N.A.,2026-10-08,2026-10-09
YK3813911,470000,ONCOR ELECTRIC DELIVERY,4.2,2035-10-01 00:00:00,96.646516,4.661149452025648,A,2026-10-08,2026-10-09
86682ZAN6,1000000,SUN LIFE FINANCIAL INC,2.06,2035-10-01 00:00:00,93.74951,2.853875269795636,A,2026-10-08,2026-10-09
35085ZCF1,993000,407 INTERNATIONAL INC,4.11,2035-10-03 00:00:00,97.052892,4.512485635030727,A,2026-10-08,2026-10-09
11282ZAV0,973000,BROOKFIELD RENEWABLE PAR,4.542,2035-10-12 00:00:00,97.733973,4.855398443031178,BBB+,2026-10-08,2026-10-09
454015AA6,1000000,FORESTERS FINANCIAL,2.885,2035-10-15 00:00:00,94.804803,3.563548465571276,N.A.,2026-10-08,2026-10-09
493271AH3,1000000,KEYERA CORP,4.569,2035-10-15 00:00:00,97.531991,4.910851397412297,BBB,2026-10-08,2026-10-09
59162ZAB8,1000000,METRO INC,5.97,2035-10-15 00:00:00,109.236432,4.70149196366807,BBB,2026-10-08,2026-10-09
225313AU9,1000000,CREDIT AGRICOLE SA,4.186,2035-10-15 00:00:00,98.303315,4.415991800698493,BBB+,2026-10-08,2026-10-09
779926DK7,1990000,ROYAL BANK OF CANADA,4.464,2035-10-17 00:00:00,99.344579,4.553218022301508,A,2026-10-08,2026-10-09
83357ZAD9,39000,SOBEYS INC,6.06,2035-10-29 00:00:00,105.876672,5.236333775290292,BBB-,2026-10-08,2026-10-09
89116CSU2,2000000,TORONTO-DOMINION BANK,4.423,2035-10-31 00:00:00,98.867364,4.576717142944964,A-,2026-10-08,2026-10-09
89678ZAF3,500000,TRISUMMIT UTILITIES INC,4.4,2035-11-14 00:00:00,97.218157,4.779979652773902,N.A.,2026-10-08,2026-10-09
29251ZAQ0,500000,ENBRIDGE INC,5.57,2035-11-14 00:00:00,104.218199,4.986959865487894,BBB+,2026-10-08,2026-10-09
06418MZ49,2000000,BANK OF NOVA SCOTIA,4.442,2035-11-15 00:00:00,98.917859,4.588200557187538,A-,2026-10-08,2026-10-09
29410ZAF2,1000000,EPCOR UTILITIES,5.65,2035-11-16 00:00:00,107.111772,4.681043349637748,N.A.,2026-10-08,2026-10-09
15135UAY5,1000000,CENOVUS ENERGY INC,4.6,2035-11-20 00:00:00,98.578056,4.793689868276485,BBB,2026-10-08,2026-10-09
12657ZAK9,500000,CU INC,5.183,2035-11-21 00:00:00,103.778773,4.668703406606567,N.A.,2026-10-08,2026-10-09
35085ZAD8,500000,407 INTERNATIONAL INC,5.96,2035-12-03 00:00:00,109.949333,4.614068930769499,A,2026-10-08,2026-10-09
116705AS3,1000000,BRUCE POWER LP,4.41,2035-12-21 00:00:00,96.969682,4.820758922153057,N.A.,2026-10-08,2026-10-09
13645RBM5,1000000,CANADIAN PACIFIC RAILWAY,4.4,2036-01-13 00:00:00,98.158805,4.646006718488382,BBB+,2026-10-08,2026-10-09
53947ZAY3,250000,LOBLAW COS LTD,5.9,2036-01-18 00:00:00,107.302174,4.909425237525,BBB+,2026-10-08,2026-10-09
92938WAF0,500000,WSP GLOBAL INC,4.586,2036-01-22 00:00:00,97.013737,4.990760323220589,N.A.,2026-10-08,2026-10-09
13638ZEU5,950000,CANADIAN NATL RESOURCES,4.55,2036-02-08 00:00:00,98.178715,4.79350605183837,N.A.,2026-10-08,2026-10-09
45833VAL3,1000000,INTER PIPELINE LTD,4.651,2036-02-13 00:00:00,96.684669,5.100485006493805,N.A.,2026-10-08,2026-10-09
35085ZAM8,945000,407 INTERNATIONAL INC,5.75,2036-02-14 00:00:00,106.905112,4.822860650976657,BBB,2026-10-08,2026-10-09
29290ZAE0,250000,ENBRIDGE GAS INC,5.21,2036-02-25 00:00:00,104.138824,4.659589288017751,A-,2026-10-08,2026-10-09
29251ZCL9,1000000,ENBRIDGE INC,4.35,2036-02-26 00:00:00,95.887054,4.901455098974172,BBB+,2026-10-08,2026-10-09
303901CB6,1000000,FAIRFAX FINL HLDGS LTD,4.4,2036-02-27 00:00:00,95.968922,4.941305509050697,A-,2026-10-08,2026-10-09
31430XNZ1,2000000,FED CAISSES DESJARDINS,3.856,2036-03-03 00:00:00,98.029412,4.110390234923167,BBB+,2026-10-08,2026-10-09
172967DJ7,838000,CITIGROUP INC,5.365,2036-03-06 00:00:00,102.476332,5.030811379026834,BBB,2026-10-08,2026-10-09
00206RNL2,500000,AT&T INC,4.5,2036-03-12 00:00:00,96.333927,4.991783033017838,BBB,2026-10-08,2026-10-09
07813ZCU6,998000,BELL CANADA,4.7,2036-03-14 00:00:00,98.013362,4.965867867990537,BBB,2026-10-08,2026-10-09
25675TAU1,995000,DOLLARAMA INC.,4.576,2036-04-02 00:00:00,98.122412,4.824946268069863,N.A.,2026-10-08,2026-10-09
056121AC0,1000000,BPCE SA,4.68,2036-04-15 00:00:00,98.983065,4.814295976534155,BBB,2026-10-08,2026-10-09
11271ZAD3,1000000,BROOKFIELD FIN II INC,4.803,2036-04-21 00:00:00,99.221579,4.90593556640444,A-,2026-10-08,2026-10-09
779926VM3,2000000,ROYAL BANK OF CANADA,4.14,2036-05-05 00:00:00,99.052788,4.261137733131615,A-,2026-10-08,2026-10-09
02079WAC5,1000000,ALPHABET INC,4.35,2036-05-15 00:00:00,96.970856,4.745865892872403,AA+,2026-10-08,2026-10-09
86682ZAU0,1000000,SUN LIFE FINANCIAL INC,5.12,2036-05-15 00:00:00,104.017531,4.597194850489994,A,2026-10-08,2026-10-09
44810ZAP5,476000,HYDRO ONE INC,5.36,2036-05-20 00:00:00,105.562747,4.635788311397637,A,2026-10-08,2026-10-09
291839AK4,1000000,EMPIRE LIFE INSURANCE,4.221,2036-05-26 00:00:00,99.445788,4.291286091327096,N.A.,2026-10-08,2026-10-09
45075EAJ3,1000000,IA FINANCIAL CORP INC,4.158,2036-05-26 00:00:00,99.349301,4.240440309398852,A-,2026-10-08,2026-10-09
449586AM8,1000000,IGM FINANCIAL INC,4.407,2036-06-02 00:00:00,97.091066,4.786202742924739,A,2026-10-08,2026-10-09
023135DX1,964000,AMAZON.COM INC,4.35,2036-06-12 00:00:00,95.868129,4.890235715095881,AA,2026-10-08,2026-10-09
89116WDF7,1927000,TORONTO-DOMINION BANK,4.208,2036-06-16 00:00:00,99.238376,4.304298655037297,BBB+,2026-10-08,2026-10-09
116705AT1,1000000,BRUCE POWER LP,4.81,2036-06-21 00:00:00,99.139378,4.921706396698666,N.A.,2026-10-08,2026-10-09
74350VAC6,1000000,PROJECT REM SEC,4.151,2036-06-22 00:00:00,96.564552,4.592975639586228,N.A.,2026-10-08,2026-10-09
89353ZCT3,943000,TRANSCANADA PIPELINES,4.609,2036-06-24 00:00:00,97.452375,4.941592167388831,BBB+,2026-10-08,2026-10-09
493271AN0,1000000,KEYERA CORP,4.638,2036-07-15 00:00:00,96.982857,5.031806860399679,BBB,2026-10-08,2026-10-09
06419FXA1,1911000,BANK OF NOVA SCOTIA,4.223,2036-08-01 00:00:00,99.094305,4.336618703945105,BBB+,2026-10-08,2026-10-09
636273AG9,1000000,NATL GRID ELECT TRANS,4.716,2036-08-12 00:00:00,98.311713,4.933763441931238,BBB+,2026-10-08,2026-10-09
11282ZAX6,1000000,BROOKFIELD RENEWABLE PAR,4.949,2036-08-13 00:00:00,99.645659,4.994153577686355,BBB+,2026-10-08,2026-10-09
29260ZAP1,1000000,ENBRIDGE GAS INC,4.65,2036-08-19 00:00:00,99.323259,4.735981052158889,A-,2026-10-08,2026-10-09
94106BAM3,500000,WASTE CONNECTIONS INC,4.55,2036-09-04 00:00:00,98.303082,4.766387337222855,BBB+,2026-10-08,2026-10-09
90664ZAP5,250000,ENBRIDGE GAS INC,5.46,2036-09-11 00:00:00,105.153777,4.800638939965141,A-,2026-10-08,2026-10-09
87262KAN5,1000000,TMX GROUP LTD,4.904,2036-09-23 00:00:00,100.67547,4.817524963548592,N.A.,2026-10-08,2026-10-09
88078ZAE4,500000,FORTISBC ENERGY INC,5.55,2036-09-25 00:00:00,105.413585,4.85790081711579,N.A.,2026-10-08,2026-10-09
19046FAQ5,1000000,COASTAL GASLINK PIPELINE,5.395,2036-09-30 00:00:00,104.549689,4.815210392499858,N.A.,2026-10-08,2026-10-09
7799262N3,2000000,ROYAL BANK OF CANADA,4.67,2036-10-01 00:00:00,100.88737,4.558225327008159,BBB,2026-10-08,2026-10-09
12959CAA7,256000,CALGARY AIRPORT AUTHORIT,3.199,2036-10-07 00:00:00,91.810446,4.211139406388553,N.A.,2026-10-08,2026-10-09
35085ZCG9,1000000,407 INTERNATIONAL INC,4.48,2036-10-07 00:00:00,99.560475,4.53515281442145,A,2026-10-08,2026-10-09
89119ZAX1,1000000,TORONTO HYDRO CORP,4.82,2036-10-07 00:00:00,102.349178,4.525247774942831,A+,2026-10-08,2026-10-09
05573YAB7,25000,BROOKFIELD RENEWABLE PAR,5.84,2036-11-05 00:00:00,107.026726,4.945507968320118,BBB+,2026-10-08,2026-10-09
07813ZCX0,942000,BELL CANADA,4.7,2036-11-15 00:00:00,98.140647,4.935333677444675,BBB,2026-10-08,2026-10-09
86682ZAR7,1000000,SUN LIFE FINANCIAL INC,3.15,2036-11-18 00:00:00,96.779849,3.53118863490296,A,2026-10-08,2026-10-09
29251ZCT2,250000,ENBRIDGE INC,5.08,2036-12-19 00:00:00,101.286465,4.917134316771921,BBB+,2026-10-08,2026-10-09
29878TBE3,35000,EUROPEAN INVESTMENT BANK,4.6,2037-01-30 00:00:00,103.489885,4.179206991713857,AAA,2026-10-08,2026-10-09
07813ZBL7,500000,BELL CANADA,6.17,2037-02-26 00:00:00,109.32377,5.006693060493794,BBB,2026-10-08,2026-10-09
38141GYZ1,1000000,GOLDMAN SACHS GROUP INC,4.34,2037-03-05 00:00:00,96.087148,4.822062494176538,BBB+,2026-10-08,2026-10-09
44810ZAS9,473000,HYDRO ONE INC,4.89,2037-03-13 00:00:00,103.011987,4.524183271663795,A,2026-10-08,2026-10-09
86721ZAB5,64000,SUNCOR ENERGY INC,5.39,2037-03-26 00:00:00,103.417028,4.967152034037636,N.A.,2026-10-08,2026-10-09
13645RBX1,1000000,CANADIAN PACIFIC RR CO,4.9,2037-04-15 00:00:00,101.35764,4.734520590800906,BBB+,2026-10-08,2026-10-09
779926WE0,2000000,ROYAL BANK OF CANADA,4.371,2037-05-01 00:00:00,97.774912,4.639462543324657,A,2026-10-08,2026-10-09
39191ZBB4,100000,GREATER TORONTO AIRPORTS,3.26,2037-06-01 00:00:00,92.070934,4.190360892412959,A+,2026-10-08,2026-10-09
42246QAK4,500000,HEATHROW FUNDING LTD,4.9,2037-08-06 00:00:00,99.740635,4.930391795434663,BBB+,2026-10-08,2026-10-09
86682ZAV8,999000,SUN LIFE FINANCIAL INC,4.14,2037-09-13 00:00:00,99.339749,4.215712555383422,A,2026-10-08,2026-10-09
19046FAY8,500000,COASTAL GASLINK PIPELINE,4.418,2037-09-30 00:00:00,96.841052,4.791261536711411,N.A.,2026-10-08,2026-10-09
88100BAA7,500000,FORTISBC ENERGY INC,6.05,2038-02-15 00:00:00,109.519771,4.943356798701948,N.A.,2026-10-08,2026-10-09
45823TAR7,1000000,INTACT FINANCIAL CORP,3.784,2038-02-28 00:00:00,97.822814,4.023834187181996,N.A.,2026-10-08,2026-10-09
88078ZAG9,153000,FORTISBC ENERGY INC,5.8,2038-05-13 00:00:00,107.479944,4.944202090085725,N.A.,2026-10-08,2026-10-09
12657ZAQ6,130000,CU INC,5.58,2038-05-26 00:00:00,105.851305,4.912917662089922,N.A.,2026-10-08,2026-10-09
86683ZAB1,1000000,SUN LIFE FINANCIAL INC,4.21,2038-06-22 00:00:00,98.828449,4.338101816557827,A,2026-10-08,2026-10-09
663307AK2,1000000,NORTH WEST REDWATER PRT/,4.35,2039-01-10 00:00:00,95.001456,4.896515696645465,N.A.,2026-10-08,2026-10-09
89353ZBU1,113000,TRANSCANADA PIPELINES,8.05,2039-02-17 00:00:00,124.38395,5.329879282711292,BBB+,2026-10-08,2026-10-09
739239AC5,250000,POWER CORPORATION CANADA,8.57,2039-04-22 00:00:00,130.652437,5.209515590405034,A+,2026-10-08,2026-10-09
19046FAR3,250000,COASTAL GASLINK PIPELINE,5.538,2039-06-30 00:00:00,105.445796,4.955082360342478,N.A.,2026-10-08,2026-10-09
29251ZAV9,120000,ENBRIDGE INC,5.75,2039-09-02 00:00:00,104.511324,5.263196294174866,BBB+,2026-10-08,2026-10-09
34957ZAM6,7000,FORTISALBERTA INC,5.37,2039-10-30 00:00:00,103.63755,4.987281918805286,A-,2026-10-08,2026-10-09
775109AP6,250000,ROGERS COMMUNICATIONS IN,6.68,2039-11-04 00:00:00,112.348794,5.353913017450229,BBB-,2026-10-08,2026-10-09
775109CT6,250000,ROGERS COMMUNICATIONS IN,6.75,2039-11-09 00:00:00,112.803223,5.374373115467335,BBB-,2026-10-08,2026-10-09
39138CAF3,250000,GREAT-WEST LIFECO INC,5.998,2039-11-16 00:00:00,109.31258,5.019075740683454,A+,2026-10-08,2026-10-09
45823ZAB8,217000,INTACT FINANCIAL CORP,6.4,2039-11-23 00:00:00,113.049418,5.028998130531748,N.A.,2026-10-08,2026-10-09
29251ZCV7,250000,ENBRIDGE INC,5.33,2040-04-06 00:00:00,100.345016,5.293859807148205,BBB+,2026-10-08,2026-10-09
44810ZAY6,500000,HYDRO ONE INC,5.49,2040-07-16 00:00:00,105.662426,4.918305973975046,A,2026-10-08,2026-10-09
90664ZAT7,118000,ENBRIDGE GAS INC,5.2,2040-07-23 00:00:00,101.939678,5.002819146193693,A-,2026-10-08,2026-10-09
775109AQ4,250000,ROGERS COMMUNICATIONS IN,6.11,2040-08-25 00:00:00,107.180383,5.368860535095155,BBB-,2026-10-08,2026-10-09
02135ZAD8,18000,ALTALINK LP,4.872,2040-11-15 00:00:00,99.37512,4.933534292645647,A-,2026-10-08,2026-10-09
86683ZAA3,1000000,SUN LIFE FINANCIAL INC,4.56,2040-12-03 00:00:00,98.651745,4.690884297403675,A,2026-10-08,2026-10-09
88100BAB5,500000,FORTISBC ENERGY INC,5.2,2040-12-06 00:00:00,101.44461,5.055215136438496,N.A.,2026-10-08,2026-10-09
449586AB2,250000,IGM FINANCIAL INC,6,2040-12-10 00:00:00,109.39139,5.062572926174735,A,2026-10-08,2026-10-09
39191ZAX7,136000,GREATER TORONTO AIRPORTS,5.3,2041-02-25 00:00:00,106.241992,4.697517291118891,A+,2026-10-08,2026-10-09
775109AT8,250000,ROGERS COMMUNICATIONS IN,6.56,2041-03-22 00:00:00,111.68132,5.386256949886614,BBB-,2026-10-08,2026-10-09
548243AB0,56000,LOWER MATTAGAMI ENERGY,5.139,2041-05-18 00:00:00,101.422276,5.000115041110864,N.A.,2026-10-08,2026-10-09
90664ZAU4,250000,ENBRIDGE GAS INC,4.88,2041-06-21 00:00:00,99.078251,4.968400853069732,A-,2026-10-08,2026-10-09
44810ZBD1,500000,HYDRO ONE INC,4.39,2041-09-26 00:00:00,94.476566,4.915456647797467,A,2026-10-08,2026-10-09
12959CAC3,50000,CALGARY AIRPORT AUTHORIT,3.454,2041-10-07 00:00:00,88.157999,4.552185985855339,N.A.,2026-10-08,2026-10-09
12657ZAW3,53000,CU INC,4.543,2041-10-24 00:00:00,95.543414,4.966862322761334,N.A.,2026-10-08,2026-10-09
95751ZAN3,211000,WESTCOAST ENERGY INC,4.791,2041-10-28 00:00:00,94.26796,5.349949604409487,BBB+,2026-10-08,2026-10-09
02135ZAE6,500000,ALTALINK LP,4.462,2041-11-08 00:00:00,94.589688,4.975836603066797,A-,2026-10-08,2026-10-09
89353ZBV9,250000,TRANSCANADA PIPELINES,4.55,2041-11-15 00:00:00,92.092485,5.317758078050949,BBB+,2026-10-08,2026-10-09
35085ZBE5,500000,407 INTERNATIONAL INC,4.45,2041-11-15 00:00:00,94.656189,4.956363648812601,A,2026-10-08,2026-10-09
39191ZAY5,22000,GREATER TORONTO AIRPORTS,4.53,2041-12-02 00:00:00,98.428929,4.675372963060309,A+,2026-10-08,2026-10-09
34959ZAA0,46000,FORTISBC INC,4.25,2041-12-09 00:00:00,91.476051,5.061134569147607,N.A.,2026-10-08,2026-10-09
56502FAA9,500000,MANULIFE FIN DELAWARE,5.059,2041-12-15 00:00:00,100.811081,4.981543637198471,A-,2026-10-08,2026-10-09
29410ZAK1,500000,EPCOR UTILITIES,4.55,2042-02-28 00:00:00,95.214817,4.998978771318652,N.A.,2026-10-08,2026-10-09
35085ZBF2,378000,407 INTERNATIONAL INC,4.19,2042-04-25 00:00:00,92.157024,4.917341223126903,A,2026-10-08,2026-10-09
866796AD7,250000,SUN LIFE FINANCIAL INC,5.4,2042-05-29 00:00:00,103.858026,5.039903278926849,A,2026-10-08,2026-10-09
45823ZAD4,250000,INTACT FINANCIAL CORP,5.16,2042-06-16 00:00:00,101.616094,5.009345243831587,N.A.,2026-10-08,2026-10-09
02135ZAF3,500000,ALTALINK LP,3.99,2042-06-30 00:00:00,89.246687,4.983881898849707,A-,2026-10-08,2026-10-09
29251ZBB2,500000,ENBRIDGE INC,4.24,2042-08-27 00:00:00,88.042788,5.367681457107776,BBB+,2026-10-08,2026-10-09
12657ZAY9,56000,CU INC,3.805,2042-09-10 00:00:00,87.352932,4.963082764875737,N.A.,2026-10-08,2026-10-09
19046FAS1,250000,COASTAL GASLINK PIPELINE,5.606,2042-09-30 00:00:00,104.667131,5.173044520509573,N.A.,2026-10-08,2026-10-09
663307AD8,250000,NORTH WEST REDWATER PRT/,3.7,2043-02-23 00:00:00,84.285962,5.129609030643434,N.A.,2026-10-08,2026-10-09
780086X66,990000,ROYAL BANK OF CANADA,7.408,2043-02-24 00:00:00,108.15,6.586121703000658,BBB,2026-10-08,2026-10-09
87971MAS2,120000,TELUS CORP,4.4,2043-04-01 00:00:00,88.849375,5.432535923136617,BBB-,2026-10-08,2026-10-09
44810ZAE0,500000,HYDRO ONE INC,6.59,2043-04-22 00:00:00,116.503969,5.100479608236985,A,2026-10-08,2026-10-09
70632ZAC5,250000,PEMBINA PIPELINE CORP,4.75,2043-04-30 00:00:00,91.947018,5.496630911648492,BBB,2026-10-08,2026-10-09
66988ZBC2,500000,NOVA SCOTIA POWER INC,4.5,2043-07-20 00:00:00,91.37416,5.280614343710544,BBB-,2026-10-08,2026-10-09
29251ZCW5,500000,ENBRIDGE INC,4.55,2043-08-17 00:00:00,90.181131,5.447007849269681,BBB+,2026-10-08,2026-10-09
12657ZBB8,500000,CU INC,4.722,2043-09-09 00:00:00,96.387579,5.041529606043205,N.A.,2026-10-08,2026-10-09
02135ZAK2,500000,ALTALINK LP,4.922,2043-09-17 00:00:00,99.27121,4.985944041555812,A-,2026-10-08,2026-10-09
44810ZBK5,500000,HYDRO ONE INC,4.59,2043-10-09 00:00:00,95.112522,5.020766749056516,A,2026-10-08,2026-10-09
29290ZAL4,25000,ENBRIDGE GAS INC,4.5,2043-11-23 00:00:00,93.533574,5.068923284004945,A-,2026-10-08,2026-10-09
87971MAU7,250000,TELUS CORP,5.15,2043-11-26 00:00:00,96.704036,5.447734415704431,BBB-,2026-10-08,2026-10-09
29251ZBG1,500000,ENBRIDGE INC,4.57,2044-03-11 00:00:00,90.168379,5.450712644118805,BBB+,2026-10-08,2026-10-09
70632ZAD3,250000,PEMBINA PIPELINE CORP,4.81,2044-03-25 00:00:00,91.975495,5.532322452304217,BBB,2026-10-08,2026-10-09
87971MAW3,250000,TELUS CORP,4.85,2044-04-05 00:00:00,93.019921,5.475177929554609,BBB-,2026-10-08,2026-10-09
45834ZAE9,250000,INTER PIPELINE LTD,4.637,2044-05-30 00:00:00,89.300045,5.598706671653653,N.A.,2026-10-08,2026-10-09
90664ZAD2,250000,ENBRIDGE GAS INC,4.2,2044-06-02 00:00:00,89.741137,5.087115228934125,A-,2026-10-08,2026-10-09
44810ZBN9,500000,HYDRO ONE INC,4.17,2044-06-06 00:00:00,90.129761,5.018726902992809,A,2026-10-08,2026-10-09
19046FAT9,250000,COASTAL GASLINK PIPELINE,5.607,2044-06-30 00:00:00,104.042583,5.252962305308206,N.A.,2026-10-08,2026-10-09
663307AB2,250000,NORTH WEST REDWATER PRT/,4.05,2044-07-22 00:00:00,87.03694,5.172956999689649,N.A.,2026-10-08,2026-10-09
29290ZAP5,250000,ENBRIDGE GAS INC,4,2044-08-22 00:00:00,87.248628,5.094990472896987,A-,2026-10-08,2026-10-09
12657ZBE2,500000,CU INC,4.085,2044-09-02 00:00:00,88.735053,5.047930517150578,N.A.,2026-10-08,2026-10-09
35085ZBQ8,500000,407 INTERNATIONAL INC,3.65,2044-09-08 00:00:00,83.81267,5.031371312771005,A,2026-10-08,2026-10-09
89119ZAG8,250000,TORONTO HYDRO CORP,4.08,2044-09-16 00:00:00,88.977752,5.018933354558786,A+,2026-10-08,2026-10-09
34957ZAT1,500000,FORTISBC INC,4.11,2044-09-29 00:00:00,88.153887,5.126394376499177,A-,2026-10-08,2026-10-09
07813ZBH6,250000,BELL CANADA,4.75,2044-09-29 00:00:00,91.968932,5.456635378182706,BBB,2026-10-08,2026-10-09
29251ZBR7,500000,ENBRIDGE INC,4.87,2044-11-21 00:00:00,93.056059,5.478710729113989,BBB+,2026-10-08,2026-10-09
59162NAB5,105000,METRO INC,5.03,2044-12-01 00:00:00,96.471421,5.335320545300015,BBB,2026-10-08,2026-10-09
87971MAY9,250000,TELUS CORP,4.75,2045-01-17 00:00:00,91.760675,5.467998849855005,BBB-,2026-10-08,2026-10-09
35085ZBK1,500000,407 INTERNATIONAL INC,3.3,2045-03-27 00:00:00,78.965864,5.066950251096336,A,2026-10-08,2026-10-09
34959ZAB8,500000,FORTISBC INC,3.375,2045-04-13 00:00:00,79.514849,5.097548080782555,N.A.,2026-10-08,2026-10-09
007863AJ2,50000,AEROPORTS DE MONTREAL,3.918,2045-06-12 00:00:00,90.908392,4.651326285146395,N.A.,2026-10-08,2026-10-09
02135ZAQ9,21000,ALTALINK LP,4.09,2045-06-30 00:00:00,88.320128,5.06212228007008,A-,2026-10-08,2026-10-09
19046FAZ5,500000,COASTAL GASLINK PIPELINE,4.868,2045-06-30 00:00:00,95.374249,5.258609349802401,N.A.,2026-10-08,2026-10-09
12657ZBG7,500000,CU INC,3.964,2045-07-27 00:00:00,86.474623,5.089603796847775,N.A.,2026-10-08,2026-10-09
89119ZAH6,500000,TORONTO HYDRO CORP,3.55,2045-07-28 00:00:00,82.087006,5.03425228067671,A+,2026-10-08,2026-10-09
136375CG5,500000,CANADIAN NATL RAILWAY,3.95,2045-09-22 00:00:00,85.813634,5.128915783431176,A-,2026-10-08,2026-10-09
29251ZCX3,250000,ENBRIDGE INC,4.55,2045-09-29 00:00:00,89.02643,5.487864974612866,BBB+,2026-10-08,2026-10-09
07813ZBR4,153000,BELL CANADA,4.35,2045-12-18 00:00:00,86.306267,5.5147680536346,BBB,2026-10-08,2026-10-09
87971MBB8,9000,TELUS CORP,4.4,2046-01-29 00:00:00,85.905976,5.603347180166751,BBB-,2026-10-08,2026-10-09
44810ZBS8,500000,HYDRO ONE INC,3.91,2046-02-23 00:00:00,85.873048,5.062372703485907,A,2026-10-08,2026-10-09
35085ZBL9,500000,407 INTERNATIONAL INC,3.83,2046-05-11 00:00:00,84.262614,5.110500091155834,A,2026-10-08,2026-10-09
90664ZAW0,250000,ENBRIDGE GAS INC,3.8,2046-06-01 00:00:00,83.550727,5.13930935470619,A-,2026-10-08,2026-10-09
89353ZBZ0,250000,TRANSCANADA PIPELINES,4.35,2046-06-06 00:00:00,86.306783,5.4974944339236,BBB+,2026-10-08,2026-10-09
29261ZAA3,250000,ENBRIDGE INC,4.13,2046-08-09 00:00:00,83.530621,5.50418506967596,BBB+,2026-10-08,2026-10-09
86721ZAN9,250000,SUNCOR ENERGY INC,4.34,2046-09-13 00:00:00,87.459107,5.372480659854184,N.A.,2026-10-08,2026-10-09
34957ZAV6,240000,FORTISALBERTA INC,3.34,2046-09-21 00:00:00,77.475555,5.161366311029059,A-,2026-10-08,2026-10-09
368271BA9,16000,ENERGIR INC,3.28,2046-10-09 00:00:00,77.218338,5.112090631209232,A,2026-10-08,2026-10-09
44810ZAR1,500000,HYDRO ONE INC,5,2046-10-19 00:00:00,98.378517,5.130351898015229,A,2026-10-08,2026-10-09
12657ZBJ1,500000,CU INC,3.763,2046-11-19 00:00:00,83.709582,5.063173227046591,N.A.,2026-10-08,2026-10-09
70632ZAJ0,250000,PEMBINA PIPELINE CORP,4.74,2047-01-21 00:00:00,89.930332,5.574409132077407,BBB,2026-10-08,2026-10-09
449586AD8,250000,IGM FINANCIAL INC,4.56,2047-01-25 00:00:00,90.412274,5.338780274277899,A,2026-10-08,2026-10-09
739239AD3,250000,POWER CORPORATION CANADA,4.81,2047-01-31 00:00:00,94.589881,5.245556627297554,A+,2026-10-08,2026-10-09
34959ZAF9,500000,FORTISBC ENERGY INC,3.78,2047-03-06 00:00:00,82.582309,5.171221786355384,N.A.,2026-10-08,2026-10-09
19046FAU6,250000,COASTAL GASLINK PIPELINE,5.606,2047-03-30 00:00:00,103.718803,5.305913866317158,N.A.,2026-10-08,2026-10-09
007863AK9,56000,AEROPORTS DE MONTREAL,3.36,2047-04-24 00:00:00,83.03327,4.651116398156918,N.A.,2026-10-08,2026-10-09
03524BAH9,199000,ANHEUSER-BUSCH INBEV FIN,4.32,2047-05-15 00:00:00,87.386965,5.33616096247449,A-,2026-10-08,2026-10-09
35085ZBM7,500000,407 INTERNATIONAL INC,3.6,2047-05-21 00:00:00,80.664836,5.130120362553048,A,2026-10-08,2026-10-09
00206RDY5,250000,AT&T INC,4.85,2047-05-25 00:00:00,90.261751,5.655162221965448,BBB,2026-10-08,2026-10-09
136375CM2,500000,CANADIAN NATL RAILWAY,3.6,2047-08-01 00:00:00,79.704954,5.208252001663438,A-,2026-10-08,2026-10-09
34957ZAW4,250000,FORTISALBERTA INC,3.672,2047-09-09 00:00:00,81.18254,5.151908893823332,A-,2026-10-08,2026-10-09
89353ZCB2,250000,TRANSCANADA PIPELINES,4.33,2047-09-16 00:00:00,85.20602,5.531415774417225,BBB+,2026-10-08,2026-10-09
34959ZAG7,500000,FORTISBC ENERGY INC,3.69,2047-10-30 00:00:00,81.010711,5.181777717813429,N.A.,2026-10-08,2026-10-09
44810ZBU3,500000,HYDRO ONE INC,3.72,2047-11-18 00:00:00,82.115476,5.114773022958841,A,2026-10-08,2026-10-09
12657ZBK8,500000,CU INC,3.548,2047-11-22 00:00:00,79.724804,5.131047148370826,N.A.,2026-10-08,2026-10-09
90664ZAY6,250000,ENBRIDGE GAS INC,3.59,2047-11-22 00:00:00,79.826873,5.170506136539088,A-,2026-10-08,2026-10-09
29410ZAL9,22000,EPCOR UTILITIES,3.554,2047-11-27 00:00:00,79.685593,5.140878789469316,N.A.,2026-10-08,2026-10-09
29290ZAS9,250000,ENBRIDGE GAS INC,3.51,2047-11-29 00:00:00,78.810601,5.169084587809114,A-,2026-10-08,2026-10-09
59162NAG4,250000,METRO INC,4.27,2047-12-04 00:00:00,86.115174,5.376249505611308,BBB,2026-10-08,2026-10-09
449586AE6,250000,IGM FINANCIAL INC,4.115,2047-12-09 00:00:00,84.628964,5.334904488366266,A,2026-10-08,2026-10-09
89119ZAK9,500000,TORONTO HYDRO CORP,3.485,2048-02-28 00:00:00,79.201325,5.092144555608002,A+,2026-10-08,2026-10-09
87971MBE2,129000,TELUS CORP,4.7,2048-03-06 00:00:00,88.107286,5.665373405981788,BBB-,2026-10-08,2026-10-09
70632ZAL5,250000,PEMBINA PIPELINE CORP,4.75,2048-03-26 00:00:00,89.362573,5.608253450038192,BBB,2026-10-08,2026-10-09
62895ZAP5,75000,NAV CANADA,3.293,2048-03-30 00:00:00,78.413526,4.934161274848203,AA-,2026-10-08,2026-10-09
35085ZBS4,500000,407 INTERNATIONAL INC,3.72,2048-05-11 00:00:00,81.214652,5.174551201923916,A,2026-10-08,2026-10-09
68321ZAB7,250000,ONTARIO POWER GENERATION,3.838,2048-06-22 00:00:00,81.240399,5.302837880113631,BBB+,2026-10-08,2026-10-09
89353ZCC0,250000,TRANSCANADA PIPELINES,4.18,2048-07-03 00:00:00,82.80753,5.550973801884518,BBB+,2026-10-08,2026-10-09
449586AF3,250000,IGM FINANCIAL INC,4.174,2048-07-13 00:00:00,85.226351,5.328377786419769,A,2026-10-08,2026-10-09
739239AE1,250000,POWER CORPORATION CANADA,4.455,2048-07-27 00:00:00,88.982144,5.313850285886867,A+,2026-10-08,2026-10-09
136375CQ3,500000,CANADIAN NATL RAILWAY,3.6,2048-07-31 00:00:00,78.923044,5.231081732774068,A-,2026-10-08,2026-10-09
34957ZAX2,500000,FORTISALBERTA INC,3.734,2048-09-18 00:00:00,81.325186,5.166329566497674,A-,2026-10-08,2026-10-09
12657ZBL6,500000,CU INC,3.95,2048-11-23 00:00:00,84.355333,5.141759376318178,N.A.,2026-10-08,2026-10-09
00206RGC0,250000,AT&T INC,5.1,2048-11-25 00:00:00,92.689461,5.684118193844001,BBB,2026-10-08,2026-10-09
34959ZAH5,250000,FORTISBC INC,3.85,2048-12-07 00:00:00,82.709132,5.169163511827679,N.A.,2026-10-08,2026-10-09
68321ZAC5,250000,ONTARIO POWER GENERATION,4.248,2049-01-18 00:00:00,86.192252,5.312032159444802,BBB+,2026-10-08,2026-10-09
136375CT7,500000,CANADIAN NATL RAILWAY,3.6,2049-02-08 00:00:00,78.636021,5.232750743808556,A-,2026-10-08,2026-10-09
29261ZAB1,250000,ENBRIDGE INC,4.33,2049-02-22 00:00:00,84.296719,5.565435489857617,BBB+,2026-10-08,2026-10-09
35085ZBU9,500000,407 INTERNATIONAL INC,3.67,2049-03-08 00:00:00,80.370967,5.157016236420264,A,2026-10-08,2026-10-09
70632ZAN1,250000,PEMBINA PIPELINE CORP,4.54,2049-04-03 00:00:00,86.221838,5.627555608865253,BBB,2026-10-08,2026-10-09
66988ZBE8,500000,NOVA SCOTIA POWER INC,3.571,2049-04-05 00:00:00,76.381526,5.396768935715701,BBB-,2026-10-08,2026-10-09
014443AK1,250000,ALECTRA INC,3.458,2049-04-12 00:00:00,77.352146,5.172569307121733,A-,2026-10-08,2026-10-09
116705AH7,500000,BRUCE POWER LP,4.746,2049-06-21 00:00:00,92.821019,5.292490520943294,N.A.,2026-10-08,2026-10-09
44810ZBX7,500000,HYDRO ONE INC,3.63,2049-06-25 00:00:00,79.918321,5.137858748937885,A,2026-10-08,2026-10-09
29410ZAP0,59000,EPCOR UTILITIES,3.106,2049-07-08 00:00:00,72.407348,5.185353205568499,N.A.,2026-10-08,2026-10-09
29260ZAB2,250000,ENBRIDGE GAS INC,3.01,2049-08-09 00:00:00,70.8917,5.202764708452334,A-,2026-10-08,2026-10-09
34959ZAJ1,147000,FORTISBC ENERGY INC,2.82,2049-08-09 00:00:00,67.918758,5.2465689033659,N.A.,2026-10-08,2026-10-09
12657ZBM4,500000,CU INC,2.963,2049-09-07 00:00:00,70.94046,5.134521623605637,N.A.,2026-10-08,2026-10-09
110574AK6,100000,BC FERRY SERVICES INC,2.794,2049-10-15 00:00:00,68.54167,5.140616495147232,A+,2026-10-08,2026-10-09
89353ZCD8,250000,TRANSCANADA PIPELINES,4.34,2049-10-15 00:00:00,84.068083,5.57726943366903,BBB+,2026-10-08,2026-10-09
11282ZAP3,500000,BROOKFIELD RENEWABLE PAR,4.29,2049-11-05 00:00:00,83.299721,5.586202022425568,BBB+,2026-10-08,2026-10-09
775109CR0,110000,ROGERS COMMUNICATIONS IN,4.25,2049-12-09 00:00:00,82.53401,5.605072823256285,BBB-,2026-10-08,2026-10-09
89119ZAM5,14000,TORONTO HYDRO CORP,2.99,2049-12-10 00:00:00,70.910108,5.155050170849163,A+,2026-10-08,2026-10-09
45075EAH7,500000,IA FINANCIAL CORP INC,6.435,2049-12-31 00:00:00,106.075002,5.948196679615303,BBB+,2026-10-08,2026-10-09
06368D4E1,1000000,BANK OF MONTREAL,7.373,2049-12-31 00:00:00,105.8,6.868457859101063,BBB-,2026-10-08,2026-10-09
136375CX8,500000,CANADIAN NATL RAILWAY,3.05,2050-02-08 00:00:00,70.76824,5.233807102830679,A-,2026-10-08,2026-10-09
531544AA2,129000,LIBERTY UTILITIES CANADA,3.315,2050-02-14 00:00:00,71.362604,5.509254622227799,N.A.,2026-10-08,2026-10-09
87971MBP7,206000,TELUS CORP,3.95,2050-02-16 00:00:00,78.01158,5.657696205840446,BBB-,2026-10-08,2026-10-09
59162NAJ8,250000,METRO INC,3.413,2050-02-28 00:00:00,74.137236,5.36704653187916,BBB,2026-10-08,2026-10-09
44810ZCD0,500000,HYDRO ONE INC,2.71,2050-02-28 00:00:00,67.351953,5.120330689940844,A,2026-10-08,2026-10-09
35085ZBV7,500000,407 INTERNATIONAL INC,2.84,2050-03-07 00:00:00,68.75697,5.152262586498746,A,2026-10-08,2026-10-09
449586AH9,250000,IGM FINANCIAL INC,4.206,2050-03-21 00:00:00,84.769834,5.353666255999134,A,2026-10-08,2026-10-09
29260ZAD8,250000,ENBRIDGE GAS INC,3.65,2050-04-01 00:00:00,78.806809,5.227400645686697,A-,2026-10-08,2026-10-09
44810ZCA6,500000,HYDRO ONE INC,3.64,2050-04-05 00:00:00,79.335636,5.169287338386286,A,2026-10-08,2026-10-09
007863AL7,500000,AEROPORTS DE MONTREAL,3.03,2050-04-21 00:00:00,77.95541,4.568347626900482,N.A.,2026-10-08,2026-10-09
669816AE0,250000,NOVA SCOTIA POWER INC,3.307,2050-04-25 00:00:00,72.253077,5.403670563095253,BBB-,2026-10-08,2026-10-09
92343VFH2,39000,VERIZON COMMUNICATIONS,3.625,2050-05-16 00:00:00,73.962106,5.632240446496595,BBB+,2026-10-08,2026-10-09
29410ZAQ8,500000,EPCOR UTILITIES,2.899,2050-05-19 00:00:00,69.399536,5.154091322909049,N.A.,2026-10-08,2026-10-09
70632ZAR2,250000,PEMBINA PIPELINE CORP,4.67,2050-05-28 00:00:00,87.378017,5.642996235019804,BBB,2026-10-08,2026-10-09
26857QAA9,250000,EMPIRE LIFE INSURANCE,4,2050-06-22 00:00:00,81.522554,5.38929116601683,A,2026-10-08,2026-10-09
39138CAJ5,490000,GREAT-WEST LIFECO INC,2.981,2050-07-08 00:00:00,69.678505,5.223625464774639,A+,2026-10-08,2026-10-09
68321ZAE1,250000,ONTARIO POWER GENERATION,3.651,2050-09-13 00:00:00,77.715398,5.305849805374252,BBB+,2026-10-08,2026-10-09
92157WAE7,28000,VANCOUVER AIRPORT AUTHOR,2.8,2050-09-21 00:00:00,73.648044,4.632553979444753,AA-,2026-10-08,2026-10-09
62895ZAQ3,392000,NAV CANADA,3.209,2050-09-29 00:00:00,75.387358,4.978629341288276,AA-,2026-10-08,2026-10-09
07813ZCD4,70000,BELL CANADA,3.5,2050-09-30 00:00:00,72.054902,5.639953608193582,BBB,2026-10-08,2026-10-09
12657ZAU7,37000,CU INC,4.947,2050-11-18 00:00:00,95.986371,5.241742809417294,N.A.,2026-10-08,2026-10-09
29290ZAK6,250000,ENBRIDGE GAS INC,4.95,2050-11-22 00:00:00,95.768667,5.26123512313712,A-,2026-10-08,2026-10-09
45823TAC0,250000,INTACT FINANCIAL CORP,2.954,2050-12-16 00:00:00,68.514778,5.272048943890817,N.A.,2026-10-08,2026-10-09
68321ZAJ0,250000,ONTARIO POWER GENERATION,2.947,2051-02-21 00:00:00,67.896402,5.310691840578952,BBB+,2026-10-08,2026-10-09
86721ZAR0,249000,SUNCOR ENERGY INC,3.95,2051-03-04 00:00:00,79.793038,5.457753444600733,N.A.,2026-10-08,2026-10-09
07813ZCH5,99000,BELL CANADA,4.05,2051-03-17 00:00:00,78.47351,5.691384652453801,BBB,2026-10-08,2026-10-09
87971MBT9,139000,TELUS CORP,4.1,2051-04-05 00:00:00,79.530654,5.653926659809527,BBB-,2026-10-08,2026-10-09
007863AM5,500000,AEROPORTS DE MONTREAL,3.441,2051-04-26 00:00:00,82.952848,4.607720670830084,N.A.,2026-10-08,2026-10-09
29261ZAC9,750000,ENBRIDGE INC,4.2,2051-05-12 00:00:00,81.331615,5.60790335938639,BBB+,2026-10-08,2026-10-09
34957ZAY0,500000,FORTISALBERTA INC,2.632,2051-06-08 00:00:00,64.553875,5.197897734915746,A-,2026-10-08,2026-10-09
12657ZBP7,500000,CU INC,3.174,2051-09-05 00:00:00,71.970305,5.192072553149374,N.A.,2026-10-08,2026-10-09
44810ZCH1,460000,HYDRO ONE INC,3.1,2051-09-15 00:00:00,71.264543,5.161601454262965,A,2026-10-08,2026-10-09
29260ZAF3,250000,ENBRIDGE GAS INC,3.2,2051-09-15 00:00:00,71.881989,5.231204927939426,A-,2026-10-08,2026-10-09
29251ZBV8,250000,ENBRIDGE INC,4.1,2051-09-21 00:00:00,79.88558,5.606783109131563,BBB+,2026-10-08,2026-10-09
12959CAD1,17000,CALGARY AIRPORT AUTHORIT,3.554,2051-10-07 00:00:00,82.902695,4.727033007576131,N.A.,2026-10-08,2026-10-09
45833VAD1,240000,INTER PIPELINE LTD,5.091,2051-11-27 00:00:00,91.156463,5.760695230981594,N.A.,2026-10-08,2026-10-09
70632ZAT8,250000,PEMBINA PIPELINE CORP,4.49,2051-12-10 00:00:00,84.471396,5.653442876302539,BBB,2026-10-08,2026-10-09
44810ZBE9,500000,HYDRO ONE INC,4,2051-12-22 00:00:00,83.843215,5.151535724970713,A,2026-10-08,2026-10-09
775109BX8,250000,ROGERS COMMUNICATIONS IN,5.25,2052-04-15 00:00:00,94.030643,5.696442035800042,BBB-,2026-10-08,2026-10-09
11291ZAJ6,500000,BROOKFIELD INFRA FIN ULC,5.789,2052-04-25 00:00:00,102.440023,5.607886874644019,BBB+,2026-10-08,2026-10-09
89353ZCL0,240000,TRANSCANADA PIPELINES,5.92,2052-05-12 00:00:00,103.764607,5.639845953401834,BBB+,2026-10-08,2026-10-09
34957ZAZ7,500000,FORTISALBERTA INC,4.618,2052-05-30 00:00:00,91.010285,5.26012305109862,A-,2026-10-08,2026-10-09
136717BD6,500000,CANADIAN UTILITIES LTD,4.851,2052-06-03 00:00:00,92.803373,5.370537941139308,N.A.,2026-10-08,2026-10-09
86679QAB7,250000,SUN LIFE CAP TRUST,7.093,2052-06-30 00:00:00,112.000726,6.156567703742666,A+,2026-10-08,2026-10-09
89678ZAB2,250000,TRISUMMIT UTILITIES INC,5.28,2052-08-15 00:00:00,97.055099,5.494126848203229,N.A.,2026-10-08,2026-10-09
29260ZAH9,250000,ENBRIDGE GAS INC,4.55,2052-08-17 00:00:00,89.649741,5.288571307279155,A-,2026-10-08,2026-10-09
29410ZAV7,500000,EPCOR UTILITIES,4.725,2052-09-02 00:00:00,92.441425,5.26249788037727,N.A.,2026-10-08,2026-10-09
35085ZCD6,500000,407 INTERNATIONAL INC,4.45,2052-09-11 00:00:00,88.5062,5.267658364920291,A,2026-10-08,2026-10-09
35085ZBG0,500000,407 INTERNATIONAL INC,3.98,2052-09-11 00:00:00,82.243057,5.239827473659564,A,2026-10-08,2026-10-09
539481AQ4,250000,LOBLAW COS LTD,5.336,2052-09-13 00:00:00,98.734144,5.427225206380348,BBB+,2026-10-08,2026-10-09
87971MBY8,250000,TELUS CORP,5.65,2052-09-13 00:00:00,99.14358,5.713365213316846,BBB-,2026-10-08,2026-10-09
12657ZBQ5,500000,CU INC,4.773,2052-09-14 00:00:00,93.361398,5.243959322003433,N.A.,2026-10-08,2026-10-09
89119ZAR4,27000,TORONTO HYDRO CORP,4.95,2052-10-13 00:00:00,96.478127,5.198405964154529,A+,2026-10-08,2026-10-09
34957ZAQ7,500000,FORTISALBERTA INC,3.98,2052-10-23 00:00:00,82.084953,5.249740120579793,A-,2026-10-08,2026-10-09
29251ZBX4,250000,ENBRIDGE INC,6.51,2052-11-09 00:00:00,111.32433,5.672619100743659,BBB+,2026-10-08,2026-10-09
12657ZBA0,500000,CU INC,3.857,2052-11-14 00:00:00,80.823842,5.208881782980046,N.A.,2026-10-08,2026-10-09
34959ZAM4,102000,FORTISBC ENERGY INC,4.67,2052-11-28 00:00:00,91.123481,5.300931441375378,N.A.,2026-10-08,2026-10-09
44810ZCM0,500000,HYDRO ONE INC,4.46,2053-01-27 00:00:00,88.930605,5.239675907049768,A,2026-10-08,2026-10-09
07813ZCM4,250000,BELL CANADA,5.15,2053-02-09 00:00:00,92.085847,5.735508233954278,BBB,2026-10-08,2026-10-09
136375DG4,495000,CANADIAN NATL RAILWAY,4.7,2053-05-10 00:00:00,90.818599,5.350897044557112,A-,2026-10-08,2026-10-09
45823TAE6,250000,INTACT FINANCIAL CORP,3.765,2053-05-20 00:00:00,78.290738,5.294944879978325,N.A.,2026-10-08,2026-10-09
29251ZCB1,250000,ENBRIDGE INC,5.76,2053-05-26 00:00:00,101.380886,5.658439861214837,BBB+,2026-10-08,2026-10-09
34957ZBA1,250000,FORTISALBERTA INC,4.862,2053-05-26 00:00:00,94.370062,5.256741455457292,A-,2026-10-08,2026-10-09
449586AK2,250000,IGM FINANCIAL INC,5.426,2053-05-26 00:00:00,100.615764,5.38171779780019,A,2026-10-08,2026-10-09
02135ZAH9,500000,ALTALINK LP,4.446,2053-07-11 00:00:00,89.52643,5.172703706278248,A-,2026-10-08,2026-10-09
37482ZAE1,250000,GIBSON ENERGY INC,6.2,2053-07-12 00:00:00,106.996557,5.687120351013575,BBB-,2026-10-08,2026-10-09
11291ZAN7,500000,BROOKFIELD INFRA FIN ULC,5.95,2053-07-27 00:00:00,104.611548,5.614459370023606,BBB+,2026-10-08,2026-10-09
35085ZCA2,500000,407 INTERNATIONAL INC,4.86,2053-07-31 00:00:00,94.184845,5.266819328136108,A,2026-10-08,2026-10-09
07813ZCP7,250000,BELL CANADA,5.6,2053-08-11 00:00:00,97.904657,5.753563750245783,BBB,2026-10-08,2026-10-09
29261ZAD7,250000,ENBRIDGE INC,5.82,2053-08-17 00:00:00,102.053794,5.66958261427486,BBB+,2026-10-08,2026-10-09
87971MCD3,250000,TELUS CORP,5.95,2053-09-08 00:00:00,102.989415,5.730363367265245,BBB-,2026-10-08,2026-10-09
22944CAA4,500000,CU INC,5.088,2053-09-20 00:00:00,97.65711,5.251257818827981,N.A.,2026-10-08,2026-10-09
29410ZAW5,500000,EPCOR UTILITIES,5.326,2053-10-03 00:00:00,100.599694,5.283977690431763,N.A.,2026-10-08,2026-10-09
29260ZAK2,250000,ENBRIDGE GAS INC,5.67,2053-10-06 00:00:00,105.131319,5.310034418384268,A-,2026-10-08,2026-10-09
35085ZBH8,500000,407 INTERNATIONAL INC,4.68,2053-10-07 00:00:00,91.629859,5.264299255026939,A,2026-10-08,2026-10-09
12959CAE9,93000,CALGARY AIRPORT AUTHORIT,3.554,2053-10-07 00:00:00,82.1523,4.731703398065457,N.A.,2026-10-08,2026-10-09
12657ZBD4,500000,CU INC,4.558,2053-11-07 00:00:00,90.146524,5.2430805496954,N.A.,2026-10-08,2026-10-09
49327ZAD7,250000,KEYERA CORP,5.663,2054-01-04 00:00:00,99.254229,5.716610647801423,BBB,2026-10-08,2026-10-09
11282ZAT5,500000,BROOKFIELD RENEWABLE PAR,5.318,2054-01-10 00:00:00,95.489597,5.643417359192893,BBB+,2026-10-08,2026-10-09
70632ZAX9,250000,PEMBINA PIPELINE CORP,5.67,2054-01-12 00:00:00,99.746915,5.687658675725182,BBB,2026-10-08,2026-10-09
539481AR2,198000,LOBLAW COS LTD,5.115,2054-03-04 00:00:00,95.434283,5.436969674688164,BBB+,2026-10-08,2026-10-09
02138ZBK8,250000,ALTAGAS LTD,5.597,2054-03-14 00:00:00,99.554958,5.628716789297639,BBB-,2026-10-08,2026-10-09
35085ZCB0,500000,407 INTERNATIONAL INC,4.89,2054-04-04 00:00:00,94.935613,5.239698378174817,A,2026-10-08,2026-10-09
136375DM1,500000,CANADIAN NATL RAILWAY,5.1,2054-05-02 00:00:00,96.280548,5.359518649604911,A-,2026-10-08,2026-10-09
294105AC5,500000,EPCOR UTILITIES,4.99,2054-05-31 00:00:00,95.795664,5.280399251884238,N.A.,2026-10-08,2026-10-09
663307AT3,250000,NORTH WEST REDWATER PRT/,5.08,2054-06-01 00:00:00,96.123039,5.349686162676703,N.A.,2026-10-08,2026-10-09
548243AM6,100000,LOWER MATTAGAMI ENERGY,4.691,2054-06-07 00:00:00,92.196716,5.227180533231057,N.A.,2026-10-08,2026-10-09
68321ZAM3,250000,ONTARIO POWER GENERATION,4.99,2054-06-28 00:00:00,94.441031,5.377498759822763,BBB+,2026-10-08,2026-10-09
29251ZCE5,250000,ENBRIDGE INC,5.32,2054-08-22 00:00:00,95.32869,5.654424933332636,BBB+,2026-10-08,2026-10-09
22944CAB2,500000,CU INC,4.664,2054-09-11 00:00:00,91.241808,5.266000691529515,N.A.,2026-10-08,2026-10-09
45823TAN6,240000,INTACT FINANCIAL CORP,5.276,2054-09-14 00:00:00,98.467574,5.382397507382941,N.A.,2026-10-08,2026-10-09
35085ZCC8,500000,407 INTERNATIONAL INC,4.54,2054-10-09 00:00:00,89.455758,5.264031768249855,A,2026-10-08,2026-10-09
12657ZBF9,500000,CU INC,4.094,2054-10-19 00:00:00,83.302168,5.236638367426916,N.A.,2026-10-08,2026-10-09
303901BS0,250000,FAIRFAX FINL HLDGS LTD,5.23,2054-11-23 00:00:00,93.291693,5.711560504601265,A-,2026-10-08,2026-10-09
44810ZCQ1,500000,HYDRO ONE INC,4.85,2054-11-30 00:00:00,94.144655,5.250136972011465,A,2026-10-08,2026-10-09
112910AB0,250000,BROOKFIELD RENEWABLE PAR,5.45,2055-03-12 00:00:00,102.331,5.290246369817697,BBB-,2026-10-08,2026-10-09
68321ZAP6,250000,ONTARIO POWER GENERATION,4.866,2055-03-13 00:00:00,92.596675,5.376891988387178,BBB+,2026-10-08,2026-10-09
078149DY4,1000000,BELL CANADA,5.625,2055-03-27 00:00:00,102.338468,5.462007850741313,BB+,2026-10-08,2026-10-09
775109CX7,1000000,ROGERS COMMUNICATIONS IN,5.625,2055-04-15 00:00:00,102.259949,5.467549989042708,BB,2026-10-08,2026-10-09
29280XAE7,250000,ENERGIR INC,4.65,2055-05-20 00:00:00,91.057393,5.257444562115476,A,2026-10-08,2026-10-09
706327AL7,493000,PEMBINA PIPELINE CORP,5.95,2055-06-06 00:00:00,102.545243,5.766767577458087,N.A.,2026-10-08,2026-10-09
13645RBN3,250000,CANADIAN PACIFIC RAILWAY,4.8,2055-06-13 00:00:00,91.879098,5.356907442521774,BBB+,2026-10-08,2026-10-09
34957EAE1,500000,FORTISALBERTA INC,4.763,2055-07-07 00:00:00,93.079705,5.230538110963567,A-,2026-10-08,2026-10-09
87971MCJ0,1000000,TELUS CORP,6.25,2055-07-21 00:00:00,104.200001,5.942811638273215,BB,2026-10-08,2026-10-09
87971MCK7,1000000,TELUS CORP,6.75,2055-07-21 00:00:00,107.875005,6.161407683578868,BBB-,2026-10-08,2026-10-09
17039ABC9,100000,CHOICE PROPERTIES REIT,5.369,2055-08-08 00:00:00,97.125059,5.569885586424062,BBB+,2026-10-08,2026-10-09
07813ZCV4,250000,BELL CANADA,5.25,2055-08-14 00:00:00,93.221782,5.73262585315375,BBB,2026-10-08,2026-10-09
303901CA8,250000,FAIRFAX FINL HLDGS LTD,5.1,2055-08-16 00:00:00,91.532006,5.701044583461701,A-,2026-10-08,2026-10-09
44810ZCV0,500000,HYDRO ONE INC,4.95,2055-08-25 00:00:00,95.513582,5.253190108656924,A,2026-10-08,2026-10-09
11276BAB5,250000,BROOKFIELD INFRA FIN ULC,5.598,2055-09-01 00:00:00,102.525001,5.423570131235222,BBB-,2026-10-08,2026-10-09
112910AC8,250000,BROOKFIELD RENEWABLE PAR,5.373,2055-09-10 00:00:00,101.988002,5.238472430645635,BBB-,2026-10-08,2026-10-09
29260ZAN6,250000,ENBRIDGE GAS INC,4.84,2055-09-12 00:00:00,93.228861,5.299939953583688,A-,2026-10-08,2026-10-09
22944CAC0,500000,CU INC,4.787,2055-09-16 00:00:00,93.136737,5.250660693138021,N.A.,2026-10-08,2026-10-09
89119ZAW3,500000,TORONTO HYDRO CORP,4.75,2055-09-24 00:00:00,93.277166,5.201662913032412,A+,2026-10-08,2026-10-09
35085ZCE4,500000,407 INTERNATIONAL INC,4.81,2055-10-03 00:00:00,93.196088,5.270493675919741,A,2026-10-08,2026-10-09
021374AE3,500000,ALTALINK LP,5.463,2055-10-11 00:00:00,103.27056,5.242334127666859,A-,2026-10-08,2026-10-09
493271AJ9,250000,KEYERA CORP,5.309,2055-10-15 00:00:00,94.285286,5.714548953670184,BBB,2026-10-08,2026-10-09
12657ZBH5,500000,CU INC,4.211,2055-10-29 00:00:00,84.719063,5.240708152949414,N.A.,2026-10-08,2026-10-09
89353ZCR7,500000,TRANSCANADA PIPELINES,5.127,2055-11-19 00:00:00,92.646592,5.643919647663487,BBB+,2026-10-08,2026-10-09
349553AU1,250000,FORTISALBERTA INC,5.1,2055-12-04 00:00:00,101.418002,5.006569839467967,BBB,2026-10-08,2026-10-09
11271ZAC5,495000,BROOKFIELD FIN II INC,5.399,2055-12-11 00:00:00,96.443729,5.648521678154839,A-,2026-10-08,2026-10-09
29250NCL7,880000,ENBRIDGE INC,5.15,2055-12-17 00:00:00,100.848239,5.093359718200019,BBB-,2026-10-08,2026-10-09
136717BF1,250000,CU INC,5.45,2055-12-22 00:00:00,100.732,5.399307118102326,N.A.,2026-10-08,2026-10-09
11282ZAW8,500000,BROOKFIELD RENEWABLE PAR,5.204,2056-01-15 00:00:00,93.703639,5.645500019308058,BBB+,2026-10-08,2026-10-09
670018AC4,400000,NOVERCO INC,4.903,2056-01-28 00:00:00,92.339623,5.427553225220039,BBB+,2026-10-08,2026-10-09
893526A94,1000000,TRANSCANADA PIPELINES,5.2,2056-02-15 00:00:00,100.845361,5.143426575558174,BBB+,2026-10-08,2026-10-09
05358VAD0,240000,AVENUE LIVING 2014 LP,7.75,2056-02-17 00:00:00,101.800002,7.594786665912667,N.A.,2026-10-08,2026-10-09
110574AN0,500000,BC FERRY SERVICES INC,4.689,2056-02-19 00:00:00,92.050927,5.220769810347625,A+,2026-10-08,2026-10-09
29251ZCM7,473000,ENBRIDGE INC,5.1,2056-02-26 00:00:00,91.975011,5.663281849147084,BBB+,2026-10-08,2026-10-09
00206RNM0,250000,AT&T INC,5.25,2056-03-12 00:00:00,92.770568,5.762673388669071,BBB,2026-10-08,2026-10-09
35085ZCH7,500000,407 INTERNATIONAL INC,5.06,2056-04-07 00:00:00,96.65411,5.285156523543466,A,2026-10-08,2026-10-09
078149EA5,899000,BELL CANADA,5.875,2056-05-12 00:00:00,99.135144,5.936911568078806,BB+,2026-10-08,2026-10-09
078149DZ1,1000000,BELL CANADA,5.375,2056-05-12 00:00:00,99.833504,5.385939707705911,BB+,2026-10-08,2026-10-09
02079WAE1,250000,ALPHABET INC,5,2056-05-15 00:00:00,93.028788,5.478131546036935,AA+,2026-10-08,2026-10-09
449586AN6,500000,IGM FINANCIAL INC,5.002,2056-06-02 00:00:00,94.130007,5.400775341512243,A,2026-10-08,2026-10-09
07816ZA27,240000,BELL CANADA,5.3,2056-06-03 00:00:00,93.565951,5.754241687929906,BBB,2026-10-08,2026-10-09
87971MCP6,994000,TELUS CORP,5.875,2056-06-09 00:00:00,99.750004,5.892245664139373,BB,2026-10-08,2026-10-09
87971MCN1,1000000,TELUS CORP,5.375,2056-06-09 00:00:00,99.750001,5.391437215386108,BB,2026-10-08,2026-10-09
023135DY9,250000,AMAZON.COM INC,5,2056-06-12 00:00:00,91.564474,5.584676541974853,AA,2026-10-08,2026-10-09
74350VAD4,159000,PROJECT REM SEC,4.791,2056-06-22 00:00:00,94.20403,5.174650441440742,N.A.,2026-10-08,2026-10-09
89353ZCS5,500000,TRANSCANADA PIPELINES,5.357,2056-06-24 00:00:00,95.812288,5.648801670490111,BBB+,2026-10-08,2026-10-09
34957EAF8,500000,FORTISALBERTA INC,4.921,2056-07-02 00:00:00,94.588184,5.283375659252765,A-,2026-10-08,2026-10-09
021374AG8,500000,ALTALINK LP,5.111,2056-07-23 00:00:00,97.657852,5.26711218525644,A-,2026-10-08,2026-10-09
775109DJ7,1000000,ROGERS COMMUNICATIONS IN,6.25,2056-07-31 00:00:00,104.076363,5.95537585719994,BB-,2026-10-08,2026-10-09
34967FAB2,500000,FORTIS INC,5.168,2056-08-06 00:00:00,97.924537,5.306846641110563,N.A.,2026-10-08,2026-10-09
34957UAE5,500000,FORTIS INC,5.369,2056-08-13 00:00:00,99.89921536,5.375308194899575,N.A.,2026-10-08,2026-10-09
29260ZAQ9,230000,ENBRIDGE GAS INC,5.35,2056-08-19 00:00:00,100.593806,5.309671087298118,A-,2026-10-08,2026-10-09
893526DN0,1000000,TRANSCANADA PIPELINES,5.125,2056-08-20 00:00:00,100.101051,5.117945793532575,BBB+,2026-10-08,2026-10-09
13645RBW3,600000,CANADIAN PACIFIC RR CO,5.4,2056-10-15 00:00:00,100.603485,5.359259149813078,BBB+,2026-10-08,2026-10-09
44810ZCX6,500000,HYDRO ONE INC,4.8,2056-11-21 00:00:00,93.041567,5.262680601810366,A,2026-10-08,2026-10-09
80928BAC0,250000,SCOTIABANK CAP TR,5.65,2056-12-31 00:00:00,105.885133,5.258526523367446,BBB,2026-10-08,2026-10-09
775109DK4,1000000,ROGERS COMMUNICATIONS IN,6,2057-01-31 00:00:00,102.349636,5.833152370005545,BB,2026-10-08,2026-10-09
89356BAD0,990000,TRANSCANADA TRUST,4.65,2077-05-18 00:00:00,102.526899,4.522234956626092,BBB-,2026-10-08,2026-10-09
29250NAT2,1000000,ENBRIDGE INC,5.375,2077-09-27 00:00:00,103.218076,5.194513502294362,BBB-,2026-10-08,2026-10-09
29250NAX3,1000000,ENBRIDGE INC,6.625,2078-04-12 00:00:00,105.556428,6.261834950063316,BBB-,2026-10-08,2026-10-09
493271AK6,250000,KEYERA CORP,6.875,2079-06-13 00:00:00,107.225001,6.394749197789307,BB+,2026-10-08,2026-10-09
706327AM5,500000,PEMBINA PIPELINE CORP,4.8,2081-01-25 00:00:00,101.05683,4.745237316751028,BB+,2026-10-08,2026-10-09
89356BAF5,1000000,TRANSCANADA TRUST,4.2,2081-03-04 00:00:00,98.92866,4.2505191925297,BBB-,2026-10-08,2026-10-09
291839AF5,500000,EMPIRE LIFE INSURANCE,6.177,2081-04-17 00:00:00,102.503001,6.02000387109507,N.A.,2026-10-08,2026-10-09
51925DBZ8,500000,LAURENTIAN BANK OF CDA,7.403,2081-06-15 00:00:00,104.500002,7.076215339421688,BB- *-,2026-10-08,2026-10-09
56501RAL0,500000,MANULIFE FINANCIAL CORP,5.883,2081-06-19 00:00:00,100.475001,5.853339459852136,BBB+,2026-10-08,2026-10-09
866796AF2,500000,SUN LIFE FINANCIAL INC,5.614,2081-06-30 00:00:00,98.645002,5.694319805527059,A-,2026-10-08,2026-10-09
06415FRB0,1000000,BANK OF NOVA SCOTIA,5.987,2081-07-27 00:00:00,100.500002,5.955327323505721,BBB-,2026-10-08,2026-10-09
63306AGP5,1000000,NATIONAL BANK OF CANADA,6.293,2081-08-15 00:00:00,102.500002,6.133253897873714,BBB-,2026-10-08,2026-10-09
780086TQ7,1000000,ROYAL BANK OF CANADA,3.65,2081-11-24 00:00:00,101.625,3.58208824359656,BBB,2026-10-08,2026-10-09
775109BR1,973000,ROGERS COMMUNICATIONS IN,5,2081-12-17 00:00:00,102.28988,4.879494843845511,BB,2026-10-08,2026-10-09
39138CAL0,500000,GREAT-WEST LIFECO INC,3.6,2081-12-31 00:00:00,100.875,3.563487965824508,A-,2026-10-08,2026-10-09
29250NBJ3,930000,ENBRIDGE INC,5,2082-01-19 00:00:00,101.243807,4.93378773746207,BBB-,2026-10-08,2026-10-09
13607HXC1,500000,CANADIAN IMPERIAL BANK,4,2082-01-28 00:00:00,102.4,3.893782405960233,BBB-,2026-10-08,2026-10-09
56501RAM8,500000,MANULIFE FINANCIAL CORP,4.1,2082-03-19 00:00:00,101.375,4.037604642053005,BBB+,2026-10-08,2026-10-09
06368DA87,1000000,BANK OF MONTREAL,5.625,2082-05-26 00:00:00,103.1,5.446781875354278,BBB-,2026-10-08,2026-10-09
56501RAP1,500000,MANULIFE FINANCIAL CORP,7.117,2082-06-19 00:00:00,104.065,6.83155098779491,BBB+,2026-10-08,2026-10-09
45075EAD6,500000,IA FINANCIAL CORP INC,6.611,2082-06-30 00:00:00,103.875,6.356087663839882,BBB+,2026-10-08,2026-10-09
06415GMJ6,1000000,BANK OF NOVA SCOTIA,7.023,2082-07-27 00:00:00,104.5,6.712213078346196,BBB-,2026-10-08,2026-10-09
13607H3D2,1000000,CANADIAN IMPERIAL BANK,7.15,2082-07-28 00:00:00,104.6,6.827351769529222,BBB-,2026-10-08,2026-10-09
89117GLM7,1000000,TORONTO-DOMINION BANK,7.283,2082-10-31 00:00:00,105.2,6.914814013519011,BBB-,2026-10-08,2026-10-09
63306AHJ8,1000000,NATIONAL BANK OF CANADA,7.5,2082-11-16 00:00:00,105.6,7.09383748059087,BBB-,2026-10-08,2026-10-09
06368D8W7,1000000,BANK OF MONTREAL,7.325,2082-11-26 00:00:00,105.55,6.930886624331678,BBB-,2026-10-08,2026-10-09
45823TAM8,1000000,INTACT FINANCIAL CORP,7.338,2083-06-30 00:00:00,106.925,6.851819044255625,N.A.,2026-10-08,2026-10-09
29250NBU8,993000,ENBRIDGE INC,8.495,2084-01-15 00:00:00,109.579142,7.74210546698606,BBB-,2026-10-08,2026-10-09
29250NBV6,1000000,ENBRIDGE INC,8.747,2084-01-15 00:00:00,119.945834,7.270678334689795,BBB-,2026-10-08,2026-10-09
13607PCM4,1000000,CANADIAN IMPERIAL BANK,6.987,2084-07-28 00:00:00,106.750001,6.534063757527275,BBB-,2026-10-08,2026-10-09
45075EAF1,500000,IA FINANCIAL CORP INC,6.921,2084-09-30 00:00:00,106.85,6.466541558623606,BBB+,2026-10-08,2026-10-09
89116CVK0,1000000,TORONTO-DOMINION BANK,5.909,2085-01-31 00:00:00,102.200001,5.776562271798213,BBB-,2026-10-08,2026-10-09
13607PB29,1000000,CANADIAN IMPERIAL BANK,6.369,2085-04-28 00:00:00,105.250001,6.04150426623471,BBB-,2026-10-08,2026-10-09
13607QGN6,1000000,CANADIAN IMPERIAL BANK,5.898,2086-01-28 00:00:00,101.750002,5.792481483323786,BBB-,2026-10-08,2026-10-09
45823TAS5,492000,INTACT FINANCIAL CORP,5.642,2086-03-31 00:00:00,100.5,5.612757711802829,N.A.,2026-10-08,2026-10-09
89116WJM6,1000000,TORONTO-DOMINION BANK,5.918,2086-07-31 00:00:00,100.800001,5.868917814972652,BBB-,2026-10-08,2026-10-09
63306AKF2,1000000,NATIONAL BANK OF CANADA,6.067,2086-08-16 00:00:00,101.250002,5.989313622571069,BBB-,2026-10-08,2026-10-09
45823TAT3,449000,INTACT FINANCIAL CORP,6.133,2086-09-30 00:00:00,101.625001,6.032004670810998,N.A.,2026-10-08,2026-10-09
7799262P8,1000000,ROYAL BANK OF CANADA,6.275,2086-11-24 00:00:00,101.750002,6.163682959731154,BBB,2026-10-08,2026-10-09
06368LHJ8,1000000,BANK OF MONTREAL,7.057,2168-05-26 00:00:00,106.5,6.625550757671284,BBB-,2026-10-08,2026-10-09
13607L2Q5,1000000,CANADIAN IMPERIAL BANK,7.337,2169-04-12 00:00:00,108.050001,6.790254774877158,BBB-,2026-10-08,2026-10-09
13607PB86,268000,CANADIAN IMPERIAL BANK,6.369,2170-04-28 00:00:00,106.000001,6.008160070699442,BBB-,2026-10-08,2026-10-09
291839AJ7,434000,EMPIRE LIFE INSURANCE,6,2171-04-17 00:00:00,103.125001,5.818023437901387,N.A.,2026-10-08,2026-10-09
780086UF9,1000000,ROYAL BANK OF CANADA,4.2,2172-02-24 00:00:00,102.125,4.112217034391263,BBB,2026-10-08,2026-10-09
13607H8Z8,1000000,CANADIAN IMPERIAL BANK,7.365,2172-03-28 00:00:00,105.45,6.984118781136339,BBB-,2026-10-08,2026-10-09
89117F4G1,1000000,TORONTO-DOMINION BANK,5.75,2172-10-01 00:00:00,103.5,5.555414588090746,BBB-,2026-10-08,2026-10-09
89117GHH3,1000000,TORONTO-DOMINION BANK,7.232,2172-10-31 00:00:00,105.45,6.857772506697279,BBB-,2026-10-08,2026-10-09
7800866S8,1000000,ROYAL BANK OF CANADA,6.698,2172-11-24 00:00:00,106.875,6.266507958819489,BBB,2026-10-08,2026-10-09
63306AKG0,994000,NATIONAL BANK OF CANADA,6.57,2174-10-16 00:00:00,103.875002,6.324755391025083,BBB-,2026-10-08,2026-10-09
